AssemblyName,ComponentName,"Dwg.no",Material,No,P,ProcessingSeries,S,ShipNo,Thickness,UnitBlock,Weight,Wire
99999,A,047,AH36,1,1,NCB,0,P170,6,H412A,"1,330",UA
99999,B,049,AH36,2,1,NCB,0,P170,6,H412A,768,UA
99999,1B,050,AH36,3,1,NCB,0,P170,8,H412A,2,UA
99999,2B,050,AH36,4,1,NCB,0,P170,8,H412A,3,UA
99999,3B,050,AH36,5,1,NCB,0,P170,8,H412A,3,UA
99999,4B,050,AH36,6,1,NCB,0,P170,8,H412A,4,UA
99999,5B,050,AH36,7,1,NCB,0,P170,8,H412A,3,UA
99999,6B,050,AH36,8,1,NCB,0,P170,8,H412A,3,UA
99999,7B,050,AH36,9,1,NCB,0,P170,8,H412A,3,UA
99999,51B,050,AH36,10,0,NCB,1,P170,8,H412A,2,UA
99999,52B,050,AH36,11,0,NCB,1,P170,8,H412A,3,UA
99999,53B,050,AH36,12,0,NCB,1,P170,8,H412A,3,UA
99999,54B,050,AH36,13,0,NCB,1,P170,8,H412A,4,UA
99999,55B,050,AH36,14,0,NCB,1,P170,8,H412A,3,UA
99999,56B,050,AH36,15,0,NCB,1,P170,8,H412A,3,UA
99999,57B,050,AH36,16,0,NCB,1,P170,8,H412A,6,UA
99999,1BV,050,AH36,17,1,NCB,0,P170,8,H412A,1,UA
99999,1BV,050,AH36,18,1,NCB,0,P170,8,H412A,1,UA
99999,1BV,050,AH36,19,1,NCB,0,P170,8,H412A,1,UA
99999,2BV,050,AH36,20,1,NCB,0,P170,8,H412A,1,UA
99999,2BV,050,AH36,21,1,NCB,0,P170,8,H412A,1,UA
99999,3BV,050,AH36,22,1,NCB,0,P170,8,H412A,1,UA
99999,4BV,050,AH36,23,1,NCB,0,P170,8,H412A,3,UA
99999,4BV,050,AH36,24,1,NCB,0,P170,8,H412A,3,UA
99999,51BV,050,AH36,25,0,NCB,1,P170,8,H412A,1,UA
99999,51BV,050,AH36,26,0,NCB,1,P170,8,H412A,1,UA
99999,52BV,050,AH36,27,0,NCB,1,P170,8,H412A,1,UA
99999,53BV,050,AH36,28,0,NCB,1,P170,8,H412A,1,UA
99999,53BV,050,AH36,29,0,NCB,1,P170,8,H412A,1,UA
99999,53BV,050,AH36,30,0,NCB,1,P170,8,H412A,1,UA
99999,54BV,050,AH36,31,0,NCB,1,P170,8,H412A,3,UA
99999,55BV,054,AH36,32,0,NCB,1,P170,8,H412A,2,UA
99999,C,042,AH36,33,1,NCB,0,P170,6,H412A,921,UA
99999,D,045,AH36,34,1,NCB,0,P170,6,H412A,718,UA
99999,1DX,050,AH36,35,1,NFF,0,P170,8,H412A,2,UA
99999,1DX,050,AH36,36,0,NFF,1,P170,8,H412A,2,UA
99999,1DX,050,AH36,37,0,NFF,1,P170,8,H412A,2,UA
99999,1DX,050,AH36,38,0,NFF,1,P170,8,H412A,2,UA
99999,1DX,050,AH36,39,0,NFF,1,P170,8,H412A,2,UA
99999,1DX,050,AH36,40,0,NFF,1,P170,8,H412A,2,UA
99999,1DX,050,AH36,41,0,NFF,1,P170,8,H412A,2,UA
99999,1DX,050,AH36,42,0,NFF,1,P170,8,H412A,2,UA
99999,1DX,050,AH36,43,0,NFF,1,P170,8,H412A,2,UA
99999,1DX,050,AH36,44,0,NFF,1,P170,8,H412A,2,UA
99999,1DX,050,AH36,45,0,NFF,1,P170,8,H412A,2,UA
99999,1DX,050,AH36,46,0,NFF,1,P170,8,H412A,2,UA
99999,1DX,050,AH36,47,0,NFF,1,P170,8,H412A,2,UA
99999,1DX,050,AH36,48,1,NFF,0,P170,8,H412A,2,UA
99999,1DX,050,AH36,49,1,NFF,0,P170,8,H412A,2,UA
99999,E,046,AH36,50,1,NCB,0,P170,6,H412A,499,UA
99999,1E,901,SPPS,51,1,SES,0,P170,"8.6",H412A,56,UA
99999,51E,901,SPPS,52,0,SES,1,P170,"8.6",H412A,56,UA
99999,F,043,AH36,53,1,NCB,0,P170,6,H412A,367,UA
99999,1FX,050,AH36,54,0,NFF,1,P170,8,H412A,2,UA
99999,1FX,050,AH36,55,0,NFF,1,P170,8,H412A,2,UA
99999,1FX,050,AH36,56,0,NFF,1,P170,8,H412A,2,UA
99999,1FX,050,AH36,57,0,NFF,1,P170,8,H412A,2,UA
99999,1FX,050,AH36,58,0,NFF,1,P170,8,H412A,2,UA
99999,1FX,050,AH36,59,0,NFF,1,P170,8,H412A,2,UA
99999,1FX,050,AH36,60,0,NFF,1,P170,8,H412A,2,UA
99999,1FX,050,AH36,61,0,NFF,1,P170,8,H412A,2,UA
99999,1FX,050,AH36,62,0,NFF,1,P170,8,H412A,2,UA
99999,1FX,050,AH36,63,0,NFF,1,P170,8,H412A,2,UA
99999,1FX,050,AH36,64,0,NFF,1,P170,8,H412A,2,UA
99999,1FX,050,AH36,65,0,NFF,1,P170,8,H412A,2,UA
99999,1FX,050,AH36,66,0,NFF,1,P170,8,H412A,2,UA
99999,1FX,050,AH36,67,0,NFF,1,P170,8,H412A,2,UA
99999,1FX,050,AH36,68,1,NFF,0,P170,8,H412A,2,UA
99999,1FX,050,AH36,69,1,NFF,0,P170,8,H412A,2,UA
99999,1FX,050,AH36,70,1,NFF,0,P170,8,H412A,2,UA
99999,1FX,050,AH36,71,1,NFF,0,P170,8,H412A,2,UA
99999,1FX,050,AH36,72,1,NFF,0,P170,8,H412A,2,UA
99999,1FX,050,AH36,73,1,NFF,0,P170,8,H412A,2,UA
99999,1FX,050,AH36,74,1,NFF,0,P170,8,H412A,2,UA
99999,1FX,050,AH36,75,1,NFF,0,P170,8,H412A,2,UA
99999,1FX,050,AH36,76,0,NFF,1,P170,8,H412A,2,UA
99999,1FX,050,AH36,77,0,NFF,1,P170,8,H412A,2,UA
99999,1FX,050,AH36,78,0,NFF,1,P170,8,H412A,2,UA
99999,1FX,050,AH36,79,0,NFF,1,P170,8,H412A,2,UA
99999,1FX,050,AH36,80,0,NFF,1,P170,8,H412A,2,UA
99999,1FX,050,AH36,81,0,NFF,1,P170,8,H412A,2,UA
99999,1FX,050,AH36,82,0,NFF,1,P170,8,H412A,2,UA
99999,1FX,050,AH36,83,0,NFF,1,P170,8,H412A,2,UA
99999,1FX,050,AH36,84,1,NFF,0,P170,8,H412A,2,UA
99999,1FX,050,AH36,85,1,NFF,0,P170,8,H412A,2,UA
99999,1FX,050,AH36,86,1,NFF,0,P170,8,H412A,2,UA
99999,1FX,050,AH36,87,1,NFF,0,P170,8,H412A,2,UA
99999,1FX,050,AH36,88,1,NFF,0,P170,8,H412A,2,UA
99999,1FX,050,AH36,89,1,NFF,0,P170,8,H412A,2,UA
99999,1FX,050,AH36,90,1,NFF,0,P170,8,H412A,2,UA
99999,1FX,050,AH36,91,1,NFF,0,P170,8,H412A,2,UA
99999,1FX,050,AH36,92,1,NFF,0,P170,8,H412A,2,UA
99999,1FX,050,AH36,93,1,NFF,0,P170,8,H412A,2,UA
99999,1FX,050,AH36,94,1,NFF,0,P170,8,H412A,2,UA
99999,1FX,050,AH36,95,1,NFF,0,P170,8,H412A,2,UA
99999,1FX,050,AH36,96,1,NFF,0,P170,8,H412A,2,UA
99999,1FX,050,AH36,97,1,NFF,0,P170,8,H412A,2,UA
99999,1FX,050,AH36,98,1,NFF,0,P170,8,H412A,2,UA
99999,1FX,050,AH36,99,1,NFF,0,P170,8,H412A,2,UA
99999,1FX,050,AH36,100,1,NFF,0,P170,8,H412A,2,UA
99999,1FX,050,AH36,101,1,NFF,0,P170,8,H412A,2,UA
99999,1FX,050,AH36,102,1,NFF,0,P170,8,H412A,2,UA
99999,1FX,050,AH36,103,1,NFF,0,P170,8,H412A,2,UA
99999,1FX,050,AH36,104,1,NFF,0,P170,8,H412A,2,UA
99999,1FX,050,AH36,105,1,NFF,0,P170,8,H412A,2,UA
99999,1FX,050,AH36,106,1,NFF,0,P170,8,H412A,2,UA
99999,1FX,050,AH36,107,1,NFF,0,P170,8,H412A,2,UA
99999,1FX,050,AH36,108,1,NFF,0,P170,8,H412A,2,UA
99999,1FX,050,AH36,109,1,NFF,0,P170,8,H412A,2,UA
99999,1FX,050,AH36,110,0,NFF,1,P170,8,H412A,2,UA
99999,1FX,050,AH36,111,0,NFF,1,P170,8,H412A,2,UA
99999,1FX,050,AH36,112,0,NFF,1,P170,8,H412A,2,UA
99999,1FX,050,AH36,113,1,NFF,0,P170,8,H412A,2,UA
99999,1FX,050,AH36,114,1,NFF,0,P170,8,H412A,2,UA
99999,1FX,050,AH36,115,1,NFF,0,P170,8,H412A,2,UA
99999,1FX,050,AH36,116,1,NFF,0,P170,8,H412A,2,UA
99999,1FX,050,AH36,117,1,NFF,0,P170,8,H412A,2,UA
99999,1FX,050,AH36,118,1,NFF,0,P170,8,H412A,2,UA
99999,1FX,050,AH36,119,1,NFF,0,P170,8,H412A,2,UA
99999,1FX,050,AH36,120,0,NFF,1,P170,8,H412A,2,UA
99999,1FX,050,AH36,121,0,NFF,1,P170,8,H412A,2,UA
99999,1FX,050,AH36,122,0,NFF,1,P170,8,H412A,2,UA
99999,1FX,050,AH36,123,0,NFF,1,P170,8,H412A,2,UA
99999,1FX,050,AH36,124,0,NFF,1,P170,8,H412A,2,UA
99999,1FX,050,AH36,125,0,NFF,1,P170,8,H412A,2,UA
99999,1FX,050,AH36,126,0,NFF,1,P170,8,H412A,2,UA
99999,1FX,050,AH36,127,0,NFF,1,P170,8,H412A,2,UA
99999,1FX,050,AH36,128,1,NFF,0,P170,8,H412A,2,UA
99999,1FX,050,AH36,129,1,NFF,0,P170,8,H412A,2,UA
99999,1FX,050,AH36,130,1,NFF,0,P170,8,H412A,2,UA
99999,1FX,050,AH36,131,0,NFF,1,P170,8,H412A,2,UA
99999,1FX,050,AH36,132,0,NFF,1,P170,8,H412A,2,UA
99999,1FX,050,AH36,133,0,NFF,1,P170,8,H412A,2,UA
99999,1FX,050,AH36,134,0,NFF,1,P170,8,H412A,2,UA
99999,1FX,050,AH36,135,0,NFF,1,P170,8,H412A,2,UA
99999,1FX,050,AH36,136,0,NFF,1,P170,8,H412A,2,UA
99999,1FX,050,AH36,137,0,NFF,1,P170,8,H412A,2,UA
99999,1FX,050,AH36,138,0,NFF,1,P170,8,H412A,2,UA
99999,1FX,050,AH36,139,0,NFF,1,P170,8,H412A,2,UA
99999,1FX,050,AH36,140,0,NFF,1,P170,8,H412A,2,UA
99999,1FX,050,AH36,141,0,NFF,1,P170,8,H412A,2,UA
99999,1FX,050,AH36,142,0,NFF,1,P170,8,H412A,2,UA
99999,1FX,050,AH36,143,0,NFF,1,P170,8,H412A,2,UA
99999,1FX,050,AH36,144,0,NFF,1,P170,8,H412A,2,UA
99999,1FX,050,AH36,145,0,NFF,1,P170,8,H412A,2,UA
99999,1FX,050,AH36,146,0,NFF,1,P170,8,H412A,2,UA
99999,1FX,050,AH36,147,0,NFF,1,P170,8,H412A,2,UA
99999,1FX,050,AH36,148,0,NFF,1,P170,8,H412A,2,UA
99999,1FX,050,AH36,149,0,NFF,1,P170,8,H412A,2,UA
99999,1FX,050,AH36,150,0,NFF,1,P170,8,H412A,2,UA
99999,1FX,050,AH36,151,0,NFF,1,P170,8,H412A,2,UA
99999,1FX,050,AH36,152,0,NFF,1,P170,8,H412A,2,UA
99999,1FX,050,AH36,153,0,NFF,1,P170,8,H412A,2,UA
99999,1FX,050,AH36,154,0,NFF,1,P170,8,H412A,2,UA
99999,1FX,050,AH36,155,0,NFF,1,P170,8,H412A,2,UA
99999,1FX,050,AH36,156,0,NFF,1,P170,8,H412A,2,UA
99999,1FX,050,AH36,157,0,NFF,1,P170,8,H412A,2,UA
99999,1FX,050,AH36,158,0,NFF,1,P170,8,H412A,2,UA
99999,1FX,050,AH36,159,0,NFF,1,P170,8,H412A,2,UA
99999,1FX,050,AH36,160,0,NFF,1,P170,8,H412A,2,UA
99999,1FX,050,AH36,161,0,NFF,1,P170,8,H412A,2,UA
99999,1FX,050,AH36,162,0,NFF,1,P170,8,H412A,2,UA
99999,1FX,050,AH36,163,0,NFF,1,P170,8,H412A,2,UA
99999,1FX,050,AH36,164,0,NFF,1,P170,8,H412A,2,UA
99999,1FX,050,AH36,165,0,NFF,1,P170,8,H412A,2,UA
99999,1FX,050,AH36,166,1,NFF,0,P170,8,H412A,2,UA
99999,1FX,050,AH36,167,1,NFF,0,P170,8,H412A,2,UA
99999,1FX,050,AH36,168,1,NFF,0,P170,8,H412A,1,UA
99999,1FX,050,AH36,169,1,NFF,0,P170,8,H412A,2,UA
99999,1FX,050,AH36,170,1,NFF,0,P170,8,H412A,2,UA
99999,1FX,050,AH36,171,1,NFF,0,P170,8,H412A,2,UA
99999,1FX,050,AH36,172,1,NFF,0,P170,8,H412A,2,UA
99999,1FX,050,AH36,173,1,NFF,0,P170,8,H412A,2,UA
99999,1FX,050,AH36,174,1,NFF,0,P170,8,H412A,2,UA
99999,1FX,050,AH36,175,1,NFF,0,P170,8,H412A,2,UA
99999,1FX,050,AH36,176,1,NFF,0,P170,8,H412A,2,UA
99999,1FX,050,AH36,177,1,NFF,0,P170,8,H412A,2,UA
99999,1FX,050,AH36,178,1,NFF,0,P170,8,H412A,2,UA
99999,1FX,050,AH36,179,1,NFF,0,P170,8,H412A,2,UA
99999,1FX,050,AH36,180,1,NFF,0,P170,8,H412A,2,UA
99999,1FX,050,AH36,181,1,NFF,0,P170,8,H412A,2,UA
99999,1FX,050,AH36,182,1,NFF,0,P170,8,H412A,2,UA
99999,1FX,050,AH36,183,1,NFF,0,P170,8,H412A,2,UA
99999,1FX,050,AH36,184,1,NFF,0,P170,8,H412A,2,UA
99999,1FX,050,AH36,185,1,NFF,0,P170,8,H412A,2,UA
99999,1FX,050,AH36,186,1,NFF,0,P170,8,H412A,2,UA
99999,1FX,050,AH36,187,1,NFF,0,P170,8,H412A,2,UA
99999,1FX,050,AH36,188,1,NFF,0,P170,8,H412A,2,UA
99999,1FX,050,AH36,189,1,NFF,0,P170,8,H412A,2,UA
99999,1FX,050,AH36,190,1,NFF,0,P170,8,H412A,2,UA
99999,1FX,050,AH36,191,1,NFF,0,P170,8,H412A,2,UA
99999,1FX,050,AH36,192,1,NFF,0,P170,8,H412A,2,UA
99999,1FX,050,AH36,193,1,NFF,0,P170,8,H412A,2,UA
99999,1FX,050,AH36,194,1,NFF,0,P170,8,H412A,2,UA
99999,M,048,AH36,195,0,NCB,1,P170,6,H412A,"1,087",UA
99999,1M,571,AH36,196,1,SES,0,P170,6,H412A,34,UA
99999,1M,571,AH36,197,1,SES,0,P170,6,H412A,34,UA
99999,1M,571,AH36,198,1,SES,0,P170,6,H412A,34,UA
99999,1M,571,AH36,199,1,SES,0,P170,6,H412A,34,UA
99999,1M,571,AH36,200,1,SES,0,P170,6,H412A,34,UA
99999,1M,571,AH36,201,1,SES,0,P170,6,H412A,34,UA
99999,1M,571,AH36,202,1,SES,0,P170,6,H412A,34,UA
99999,1M,571,AH36,203,1,SES,0,P170,6,H412A,34,UA
99999,1M,571,AH36,204,1,SES,0,P170,6,H412A,34,UA
99999,1M,571,AH36,205,1,SES,0,P170,6,H412A,34,UA
99999,1M,571,AH36,206,1,SES,0,P170,6,H412A,34,UA
99999,1M,571,AH36,207,1,SES,0,P170,6,H412A,34,UA
99999,1M,571,AH36,208,1,SES,0,P170,6,H412A,34,UA
99999,2M,571,AH36,209,1,SES,0,P170,6,H412A,22,UA
99999,3M,571,AH36,210,1,SES,0,P170,6,H412A,29,UA
99999,4M,571,AH36,211,0,SES,1,P170,6,H412A,29,UA
99999,5M,571,AH36,212,1,SES,0,P170,6,H412A,13,UA
99999,5M,571,AH36,213,1,SES,0,P170,6,H412A,13,UA
99999,6M,571,AH36,214,1,SES,0,P170,6,H412A,4,UA
99999,11M,571,AH36,215,1,SES,0,P170,6,H412A,11,UA
99999,12M,571,AH36,216,1,SES,0,P170,6,H412A,15,UA
99999,13M,571,AH36,217,1,SES,0,P170,6,H412A,20,UA
99999,14M,571,AH36,218,1,SES,0,P170,6,H412A,22,UA
99999,15M,571,AH36,219,1,SES,0,P170,6,H412A,24,UA
99999,15M,571,AH36,220,1,SES,0,P170,6,H412A,24,UA
99999,15M,571,AH36,221,1,SES,0,P170,6,H412A,24,UA
99999,15M,571,AH36,222,1,SES,0,P170,6,H412A,24,UA
99999,15M,571,AH36,223,1,SES,0,P170,6,H412A,24,UA
99999,16M,571,AH36,224,1,SES,0,P170,6,H412A,12,UA
99999,17M,571,AH36,225,1,SES,0,P170,6,H412A,24,UA
99999,18M,571,AH36,226,1,SES,0,P170,6,H412A,23,UA
99999,19M,571,AH36,227,1,SES,0,P170,6,H412A,23,UA
99999,20M,571,AH36,228,1,SES,0,P170,6,H412A,23,UA
99999,21M,571,AH36,229,1,SES,0,P170,6,H412A,23,UA
99999,22M,571,AH36,230,1,SES,0,P170,6,H412A,22,UA
99999,23M,571,AH36,231,1,SES,0,P170,6,H412A,22,UA
99999,24M,571,AH36,232,1,SES,0,P170,6,H412A,22,UA
99999,25M,571,AH36,233,1,SES,0,P170,6,H412A,7,UA
99999,52M,571,AH36,234,0,SES,1,P170,6,H412A,4,UA
99999,52M,571,AH36,235,0,SES,1,P170,6,H412A,4,UA
99999,56M,571,AH36,236,0,SES,1,P170,6,H412A,21,UA
99999,61M,571,AH36,237,0,SES,1,P170,6,H412A,11,UA
99999,62M,571,AH36,238,0,SES,1,P170,6,H412A,15,UA
99999,63M,571,AH36,239,0,SES,1,P170,6,H412A,8,UA
99999,64M,571,AH36,240,0,SES,1,P170,6,H412A,11,UA
99999,65M,571,AH36,241,0,SES,1,P170,6,H412A,24,UA
99999,65M,571,AH36,242,0,SES,1,P170,6,H412A,24,UA
99999,65M,571,AH36,243,0,SES,1,P170,6,H412A,24,UA
99999,65M,571,AH36,244,0,SES,1,P170,6,H412A,24,UA
99999,66M,571,AH36,245,0,SES,1,P170,6,H412A,24,UA
99999,67M,571,AH36,246,0,SES,1,P170,6,H412A,24,UA
99999,68M,571,AH36,247,0,SES,1,P170,6,H412A,23,UA
99999,69M,571,AH36,248,0,SES,1,P170,6,H412A,23,UA
99999,70M,571,AH36,249,0,SES,1,P170,6,H412A,23,UA
99999,71M,571,AH36,250,0,SES,1,P170,6,H412A,22,UA
99999,72M,571,AH36,251,0,SES,1,P170,6,H412A,22,UA
99999,73M,571,AH36,252,0,SES,1,P170,6,H412A,22,UA
99999,74M,571,AH36,253,0,SES,1,P170,6,H412A,22,UA
99999,75M,571,AH36,254,0,SES,1,P170,6,H412A,7,UA
99999,76M,571,AH36,255,0,SES,1,P170,6,H412A,12,UA
99999,63M1,571,AH36,256,0,SES,1,P170,6,H412A,5,UA
99999,N,049,AH36,257,0,NCB,1,P170,6,H412A,709,UA
99999,1N,061,AH36,258,1,NFF,0,P170,6,H412A,2,UA
99999,1N,061,AH36,259,1,NFF,0,P170,6,H412A,2,UA
99999,1N,057,AH36,260,1,NFF,0,P170,6,H412A,2,UA
99999,1N,001,AH36,261,1,NFF,0,P170,6,H412A,2,UA
99999,1N,061,AH36,262,1,NFF,0,P170,6,H412A,2,UA
99999,1N,061,AH36,263,1,NFF,0,P170,6,H412A,2,UA
99999,P,041,AH36,264,0,NCB,1,P170,6,H412A,644,UA
99999,Q,044,AH36,265,0,NCB,1,P170,6,H412A,718,UA
99999,R,046,AH36,266,0,NCB,1,P170,6,H412A,499,UA
99999,S,043,AH36,267,0,NCB,1,P170,6,H412A,367,UA
99999,T,050,AH36,268,0,NCB,1,P170,8,H412A,166,UA
99999,U,050,AH36,269,0,NCB,1,P170,8,H412A,346,UA
99999,1X,056,AH36,270,1,NFF,0,P170,10,H412A,3,UA
99999,1X,056,AH36,271,1,NFF,0,P170,10,H412A,3,UA
99999,1X,056,AH36,272,1,NFF,0,P170,10,H412A,3,UA
99999,1X,056,AH36,273,1,NFF,0,P170,10,H412A,3,UA
99999,1X,056,AH36,274,1,NFF,0,P170,10,H412A,3,UA
99999,1X,056,AH36,275,1,NFF,0,P170,10,H412A,3,UA
99999,1X,056,AH36,276,1,NFF,0,P170,10,H412A,3,UA
99999,1X,056,AH36,277,1,NFF,0,P170,10,H412A,3,UA
99999,1X,056,AH36,278,1,NFF,0,P170,10,H412A,3,UA
99999,1X,056,AH36,279,1,NFF,0,P170,10,H412A,3,UA
99999,2X,056,AH36,280,1,NFF,0,P170,10,H412A,3,UA
99999,2X,056,AH36,281,1,NFF,0,P170,10,H412A,3,UA
99999,2X,056,AH36,282,1,NFF,0,P170,10,H412A,3,UA
99999,2X,056,AH36,283,1,NFF,0,P170,10,H412A,3,UA
99999,2X,056,AH36,284,1,NFF,0,P170,10,H412A,3,UA
99999,2X,056,AH36,285,1,NFF,0,P170,10,H412A,3,UA
99999,2X,056,AH36,286,1,NFF,0,P170,10,H412A,3,UA
99999,2X,056,AH36,287,1,NFF,0,P170,10,H412A,3,UA
99999,3X,056,AH36,288,1,NFF,0,P170,10,H412A,3,UA
99999,7X,056,AH36,289,1,NFF,0,P170,10,H412A,1,UA
99999,7X,056,AH36,290,1,NFF,0,P170,10,H412A,1,UA
99999,7X,056,AH36,291,1,NFF,0,P170,10,H412A,1,UA
99999,8X,056,AH36,292,1,NFF,0,P170,10,H412A,1,UA
99999,8X,056,AH36,293,1,NFF,0,P170,10,H412A,1,UA
99999,9X,056,AH36,294,1,NFF,0,P170,10,H412A,2,UA
99999,9X,056,AH36,295,1,NFF,0,P170,10,H412A,2,UA
99999,10X,056,AH36,296,1,NFF,0,P170,10,H412A,1,UA
99999,10X,056,AH36,297,1,NFF,0,P170,10,H412A,1,UA
99999,10X,056,AH36,298,1,NFF,0,P170,10,H412A,1,UA
99999,51X,056,AH36,299,0,NFF,1,P170,10,H412A,3,UA
99999,51X,056,AH36,300,0,NFF,1,P170,10,H412A,3,UA
99999,51X,056,AH36,301,0,NFF,1,P170,10,H412A,3,UA
99999,51X,056,AH36,302,0,NFF,1,P170,10,H412A,3,UA
99999,51X,056,AH36,303,0,NFF,1,P170,10,H412A,3,UA
99999,51X,056,AH36,304,0,NFF,1,P170,10,H412A,3,UA
99999,51X,056,AH36,305,0,NFF,1,P170,10,H412A,3,UA
99999,51X,056,AH36,306,0,NFF,1,P170,10,H412A,3,UA
99999,51X,056,AH36,307,0,NFF,1,P170,10,H412A,3,UA
99999,51X,056,AH36,308,0,NFF,1,P170,10,H412A,3,UA
99999,51X,056,AH36,309,0,NFF,1,P170,10,H412A,3,UA
99999,52X,056,AH36,310,0,NFF,1,P170,10,H412A,3,UA
99999,52X,056,AH36,311,0,NFF,1,P170,10,H412A,3,UA
99999,52X,056,AH36,312,0,NFF,1,P170,10,H412A,3,UA
99999,52X,056,AH36,313,0,NFF,1,P170,10,H412A,3,UA
99999,52X,056,AH36,314,0,NFF,1,P170,10,H412A,3,UA
99999,52X,056,AH36,315,0,NFF,1,P170,10,H412A,3,UA
99999,52X,056,AH36,316,0,NFF,1,P170,10,H412A,3,UA
99999,53X,056,AH36,317,0,NFF,1,P170,10,H412A,3,UA
99999,57X,056,AH36,318,0,NFF,1,P170,10,H412A,1,UA
99999,57X,056,AH36,319,0,NFF,1,P170,10,H412A,1,UA
99999,57X,056,AH36,320,0,NFF,1,P170,10,H412A,1,UA
99999,58X,056,AH36,321,0,NFF,1,P170,10,H412A,1,UA
99999,58X,056,AH36,322,0,NFF,1,P170,10,H412A,1,UA
99999,59X,056,AH36,323,0,NFF,1,P170,10,H412A,2,UA
99999,59X,056,AH36,324,0,NFF,1,P170,10,H412A,2,UA
99999,60X,056,AH36,325,0,NFF,1,P170,10,H412A,1,UA
99999,60X,056,AH36,326,0,NFF,1,P170,10,H412A,1,UA
99999,60X,056,AH36,327,0,NFF,1,P170,10,H412A,1,UA
99999,61X,056,AH36,328,0,NFF,1,P170,10,H412A,7,UA
99999,62X,056,AH36,329,0,NFF,1,P170,10,H412A,5,UA
99999,63X,056,AH36,330,0,NFF,1,P170,10,H412A,4,UA
99999,64X,056,AH36,331,0,NFF,1,P170,10,H412A,6,UA
99999,65X,056,AH36,332,0,NFF,1,P170,10,H412A,5,UA
99999,65X,056,AH36,333,0,NFF,1,P170,10,H412A,5,UA
AW1,A,062,AH36,334,1,NCB,0,P170,6,H412A,344,S
AW1,B,060,AH36,335,1,NCB,0,P170,6,H412A,104,S
AW1,1BT,101,BIMET,336,1,SES,0,P170,35,H412A,15,S
AW1,1BV,050,AH36,337,1,NCB,0,P170,8,H412A,1,S
AW1,1BV,050,AH36,338,1,NCB,0,P170,8,H412A,1,S
AW1,1BV,050,AH36,339,1,NCB,0,P170,8,H412A,1,S
AW1,1BV,050,AH36,340,1,NCB,0,P170,8,H412A,1,S
AW1,1BV,050,AH36,341,1,NCB,0,P170,8,H412A,1,S
AW1,2BV,054,AH36,342,1,NCB,0,P170,8,H412A,1,S
AW1,3BV,050,AH36,343,1,NCB,0,P170,8,H412A,1,S
AW1,10BV,050,AH36,344,1,NCB,0,P170,8,H412A,1,S
AW1,50BV,050,AH36,345,1,NCB,0,P170,8,H412A,1,S
AW1,51BV,050,AH36,346,0,NCB,1,P170,8,H412A,1,S
AW1,51BV,050,AH36,347,0,NCB,1,P170,8,H412A,1,S
AW1,51BV,050,AH36,348,0,NCB,1,P170,8,H412A,1,S
AW1,52BV,054,AH36,349,0,NCB,1,P170,8,H412A,1,S
AW1,1FX,054,AH36,350,1,NFF,0,P170,8,H412A,2,S
AW1,1FX,054,AH36,351,1,NFF,0,P170,8,H412A,2,S
AW1,2FX,054,AH36,352,1,NFF,0,P170,8,H412A,2,S
AW1,2FX,054,AH36,353,1,NFF,0,P170,8,H412A,2,S
AW1,2FX,054,AH36,354,1,NFF,0,P170,8,H412A,2,S
AW1,2FX,054,AH36,355,1,NFF,0,P170,8,H412A,2,S
AW1,2FX,054,AH36,356,1,NFF,0,P170,8,H412A,2,S
AW1,3FX,054,AH36,357,1,NFF,0,P170,8,H412A,2,S
AW1,3FX,054,AH36,358,1,NFF,0,P170,8,H412A,2,S
AW1,4FX,054,AH36,359,1,NFF,0,P170,8,H412A,1,S
AW1,5FX,054,AH36,360,1,NFF,0,P170,8,H412A,1,S
AW1,51FX,054,AH36,361,0,NFF,1,P170,8,H412A,2,S
AW1,52FX,054,AH36,362,0,NFF,1,P170,8,H412A,2,S
AW1,52FX,054,AH36,363,0,NFF,1,P170,8,H412A,2,S
AW1,52FX,054,AH36,364,0,NFF,1,P170,8,H412A,2,S
AW1,52FX,054,AH36,365,0,NFF,1,P170,8,H412A,2,S
AW1,52FX,054,AH36,366,0,NFF,1,P170,8,H412A,2,S
AW1,53FX,054,AH36,367,0,NFF,1,P170,8,H412A,2,S
AW1,M,057,AH36,368,0,NCB,1,P170,6,H412A,357,S
AW1,N,050,AH36,369,0,NCB,1,P170,8,H412A,332,S
AW1,1S,542,AH36,370,1,SES,0,P170,7,H412A,23,S
AW1,2S,541,AH36,371,1,SES,0,P170,6,H412A,18,S
AW1,3S,541,AH36,372,1,SES,0,P170,6,H412A,18,S
AW1,4S,541,AH36,373,1,SES,0,P170,6,H412A,18,S
AW1,5S,541,AH36,374,1,SES,0,P170,6,H412A,18,S
AW1,6S,541,AH36,375,1,SES,0,P170,6,H412A,18,S
AW1,50S,541,AH36,376,1,SES,0,P170,6,H412A,17,S
AW1,51S,542,AH36,377,0,SES,1,P170,7,H412A,25,S
AW1,52S,541,AH36,378,0,SES,1,P170,6,H412A,18,S
AW1,53S,541,AH36,379,0,SES,1,P170,6,H412A,18,S
AW1,54S,541,AH36,380,0,SES,1,P170,6,H412A,18,S
AW1,1X,054,AH36,381,1,NFF,0,P170,8,H412A,2,S
AW1,51X,054,AH36,382,0,NFF,1,P170,8,H412A,2,S
AW1,52X,050,AH36,383,0,NFF,1,P170,8,H412A,6,S
AW1A,1B,055,AH36,384,1,NCB,0,P170,11,H412A,6,S
AW1A,2B,050,AH36,385,1,NCB,0,P170,8,H412A,3,S
AW1A,2B,050,AH36,386,1,NCB,0,P170,8,H412A,3,S
AW1A,2B,050,AH36,387,1,NCB,0,P170,8,H412A,3,S
AW1A,1DP,059,AH36,388,1,NCB,0,P170,6,H412A,1,S
AW1A,1FX,054,AH36,389,1,NFF,0,P170,8,H412A,1,S
AW1A,K,061,AH36,390,1,NCB,0,P170,6,H412A,408,S
AW1A,1S,541,AH36,391,1,SES,0,P170,6,H412A,13,S
AW1A,2S,541,AH36,392,1,SES,0,P170,6,H412A,13,S
AW1A,3S,541,AH36,393,1,SES,0,P170,6,H412A,13,S
AW1A,1X,056,AH36,394,1,NFF,0,P170,10,H412A,19,S
AW1A,2X,056,AH36,395,1,NFF,0,P170,10,H412A,10,S
AW1A,3X,056,AH36,396,1,NFF,0,P170,10,H412A,10,S
AW1A,4X,056,AH36,397,1,NFF,0,P170,10,H412A,2,S
AW1A,4X,056,AH36,398,1,NFF,0,P170,10,H412A,2,S
AW1A,4X,056,AH36,399,1,NFF,0,P170,10,H412A,2,S
AW1A,4X,056,AH36,400,1,NFF,0,P170,10,H412A,2,S
AW1A,5X,056,AH36,401,1,NFF,0,P170,10,H412A,2,S
AW1A,6X,056,AH36,402,1,NFF,0,P170,10,H412A,3,S
AW1A,7X,056,AH36,403,1,NFF,0,P170,10,H412A,3,S
AW1A,8X,056,AH36,404,1,NFF,0,P170,10,H412A,3,S
AW1A,9X,056,AH36,405,1,NFF,0,P170,10,H412A,3,S
AW1A,10X,057,AH36,406,1,NFF,0,P170,6,H412A,1,S
AW1A,11X,001,AH36,407,1,NFF,0,P170,6,H412A,1,S
AW1A,12X,057,AH36,408,1,NFF,0,P170,6,H412A,1,S
AW1M,A,050,AH36,409,0,NCB,1,P170,8,H412A,80,S
AW1M,B,061,AH36,410,0,NCB,1,P170,6,H412A,348,S
AW1M,1B,055,AH36,411,0,NCB,1,P170,11,H412A,6,S
AW1M,2B,050,AH36,412,0,NCB,1,P170,8,H412A,3,S
AW1M,2B,050,AH36,413,0,NCB,1,P170,8,H412A,3,S
AW1M,2B,050,AH36,414,0,NCB,1,P170,8,H412A,3,S
AW1M,1DP,059,AH36,415,0,NCB,1,P170,6,H412A,1,S
AW1M,1S,541,AH36,416,0,SES,1,P170,6,H412A,13,S
AW1M,2S,541,AH36,417,0,SES,1,P170,6,H412A,12,S
AW1M,3S,541,AH36,418,0,SES,1,P170,6,H412A,12,S
AW1M,1X,056,AH36,419,0,NFF,1,P170,10,H412A,19,S
AW1M,2X,056,AH36,420,0,NFF,1,P170,10,H412A,10,S
AW1M,3X,056,AH36,421,0,NFF,1,P170,10,H412A,10,S
AW1M,4X,056,AH36,422,0,NFF,1,P170,10,H412A,2,S
AW1M,4X,056,AH36,423,0,NFF,1,P170,10,H412A,2,S
AW1M,4X,056,AH36,424,0,NFF,1,P170,10,H412A,2,S
AW1M,4X,056,AH36,425,0,NFF,1,P170,10,H412A,2,S
AW1M,5X,056,AH36,426,0,NFF,1,P170,10,H412A,2,S
AW1M,6X,056,AH36,427,0,NFF,1,P170,10,H412A,3,S
AW1M,7X,056,AH36,428,0,NFF,1,P170,10,H412A,3,S
AW1M,8X,056,AH36,429,0,NFF,1,P170,10,H412A,3,S
AW1M,9X,056,AH36,430,0,NFF,1,P170,10,H412A,3,S
AW1M,10X,057,AH36,431,0,NFF,1,P170,6,H412A,1,S
AW1M,11X,057,AH36,432,0,NFF,1,P170,6,H412A,1,S
AW1M,12X,057,AH36,433,0,NFF,1,P170,6,H412A,1,S
BL3A,1F,391,AH36,434,1,NFF,0,P170,10,H412A,38,S
BL3A,K,761,AH36,435,1,NCB,0,P170,6,H412A,30,S
BL3B,1F,391,AH36,436,1,NFF,0,P170,10,H412A,48,S
BL3B,K,762,AH36,437,1,NCB,0,P170,6,H412A,38,S
BL3N,1F,391,AH36,438,0,NFF,1,P170,10,H412A,48,S
BL3N,K,762,AH36,439,0,NCB,1,P170,6,H412A,38,S
BL7A,1F,391,AH36,440,1,NFF,0,P170,10,H412A,42,S
BL7A,K,761,AH36,441,1,NCB,0,P170,6,H412A,34,S
BL7M,1F,NFF,AH36,442,0,NFF,1,P170,10,H412A,42,S
BL7M,K,762,AH36,443,0,NCB,1,P170,6,H412A,34,S
BM0A,1BT,101,BIMET,444,1,SES,0,P170,35,H412A,0,S
BM0A,K,046,AH36,445,1,NCB,0,P170,6,H412A,2,S
BM0B,1BT,101,BIMET,446,0,SES,1,P170,35,H412A,0,S
BM0B,K,045,AH36,447,0,NCB,1,P170,6,H412A,2,S
BM0C,1BT,101,BIMET,448,1,SES,0,P170,35,H412A,0,S
BM0C,K,045,AH36,449,1,NCB,0,P170,6,H412A,2,S
BM10A,1BT,101,BIMET,450,1,SES,0,P170,35,H412A,2,S
BM10A,K,044,AH36,451,1,NCB,0,P170,6,H412A,8,S
BM10B,1BT,101,BIMET,452,1,SES,0,P170,35,H412A,4,S
BM10B,K,044,AH36,453,1,NCB,0,P170,6,H412A,12,S
BM10M,1BT,101,BIMET,454,0,SES,1,P170,35,H412A,2,S
BM10M,K,044,AH36,455,0,NCB,1,P170,6,H412A,8,S
BM10N,1BT,101,BIMET,456,0,SES,1,P170,35,H412A,4,S
BM10N,K,044,AH36,457,0,NCB,1,P170,6,H412A,12,S
BM1A,1BT,101,BIMET,458,1,SES,0,P170,35,H412A,0,S
BM1A,K,046,AH36,459,1,NCB,0,P170,6,H412A,2,S
BM1C,1BT,101,BIMET,460,1,SES,0,P170,35,H412A,0,S
BM1C,K,045,AH36,461,1,NCB,0,P170,6,H412A,2,S
BM1M,1BT,101,BIMET,462,0,SES,1,P170,35,H412A,0,S
BM1M,K,046,AH36,463,0,NCB,1,P170,6,H412A,2,S
BM1N,1BT,101,BIMET,464,0,SES,1,P170,35,H412A,0,S
BM1N,K,045,AH36,465,0,NCB,1,P170,6,H412A,2,S
BM1P,1BT,101,BIMET,466,0,SES,1,P170,35,H412A,0,S
BM1P,K,045,AH36,467,0,NCB,1,P170,6,H412A,2,S
BM2A,1BT,101,BIMET,468,1,SES,0,P170,35,H412A,0,S
BM2A,K,045,AH36,469,1,NCB,0,P170,6,H412A,2,S
BM2B,1BT,101,BIMET,470,1,SES,0,P170,35,H412A,0,S
BM2B,K,045,AH36,471,1,NCB,0,P170,6,H412A,2,S
BM2M,1BT,101,BIMET,472,0,SES,1,P170,35,H412A,0,S
BM2M,K,046,AH36,473,0,NCB,1,P170,6,H412A,2,S
BM2N,1BT,101,BIMET,474,0,SES,1,P170,35,H412A,0,S
BM2N,K,045,AH36,475,0,NCB,1,P170,6,H412A,2,S
BM4A,1BT,101,BIMET,476,1,SES,0,P170,35,H412A,17,S
BM4A,2BT,101,BIMET,477,1,SES,0,P170,35,H412A,4,S
BM4A,K,701,AH36,478,1,NCB,0,P170,6,H412A,64,S
BM4B,1BT,101,BIMET,479,1,SES,0,P170,35,H412A,17,S
BM4B,2BT,101,BIMET,480,1,SES,0,P170,35,H412A,16,S
BM4B,K,701,AH36,481,1,NCB,0,P170,6,H412A,101,S
BM4M,1BT,101,BIMET,482,0,SES,1,P170,35,H412A,17,S
BM4M,2BT,101,BIMET,483,0,SES,1,P170,35,H412A,4,S
BM4M,K,701,AH36,484,0,NCB,1,P170,6,H412A,64,S
BM4N,1BT,101,BIMET,485,0,SES,1,P170,35,H412A,17,S
BM4N,2BT,101,BIMET,486,0,SES,1,P170,35,H412A,16,S
BM4N,K,701,AH36,487,0,NCB,1,P170,6,H412A,101,S
BM57,1BT,101,BIMET,488,1,SES,0,P170,35,H412A,14,S
BM57,K,701,AH36,489,1,NCB,0,P170,6,H412A,42,S
BM58A,1BT,101,BIMET,490,1,SES,0,P170,35,H412A,1,S
BM58A,K,044,AH36,491,1,NCB,0,P170,6,H412A,2,S
BM58M,1BT,101,BIMET,492,0,SES,1,P170,35,H412A,1,S
BM58M,K,044,AH36,493,0,NCB,1,P170,6,H412A,2,S
BM59A,1BT,101,BIMET,494,1,SES,0,P170,35,H412A,1,S
BM59A,K,044,AH36,495,1,NCB,0,P170,6,H412A,2,S
BM59M,1BT,101,BIMET,496,0,SES,1,P170,35,H412A,1,S
BM59M,K,044,AH36,497,0,NCB,1,P170,6,H412A,2,S
BM60A,1BT,101,BIMET,498,1,SES,0,P170,35,H412A,1,S
BM60A,K,044,AH36,499,1,NCB,0,P170,6,H412A,2,S
BM60M,1BT,101,BIMET,500,0,SES,1,P170,35,H412A,1,S
BM60M,K,044,AH36,501,0,NCB,1,P170,6,H412A,2,S
BM61A,1BT,101,BIMET,502,1,SES,0,P170,35,H412A,1,S
BM61A,K,044,AH36,503,1,NCB,0,P170,6,H412A,2,S
BM61M,1BT,101,BIMET,504,0,SES,1,P170,35,H412A,1,S
BM61M,K,044,AH36,505,0,NCB,1,P170,6,H412A,2,S
BM62A,1BT,101,BIMET,506,1,SES,0,P170,35,H412A,1,S
BM62A,K,044,AH36,507,1,NCB,0,P170,6,H412A,2,S
BM62M,1BT,101,BIMET,508,0,SES,1,P170,35,H412A,1,S
BM62M,K,044,AH36,509,0,NCB,1,P170,6,H412A,2,S
BM63A,1BT,101,BIMET,510,1,SES,0,P170,35,H412A,1,S
BM63A,K,044,AH36,511,1,NCB,0,P170,6,H412A,2,S
BM63M,1BT,101,BIMET,512,0,SES,1,P170,35,H412A,1,S
BM63M,K,044,AH36,513,0,NCB,1,P170,6,H412A,2,S
BM64A,1BT,101,BIMET,514,1,SES,0,P170,35,H412A,1,S
BM64A,K,045,AH36,515,1,NCB,0,P170,6,H412A,2,S
BM64M,1BT,101,BIMET,516,0,SES,1,P170,35,H412A,1,S
BM64M,K,044,AH36,517,0,NCB,1,P170,6,H412A,2,S
BM65A,1BT,101,BIMET,518,1,SES,0,P170,35,H412A,1,S
BM65A,K,045,AH36,519,1,NCB,0,P170,6,H412A,2,S
BM65M,1BT,101,BIMET,520,0,SES,1,P170,35,H412A,1,S
BM65M,K,046,AH36,521,0,NCB,1,P170,6,H412A,2,S
BM66A,1BT,101,BIMET,522,1,SES,0,P170,35,H412A,1,S
BM66A,K,046,AH36,523,1,NCB,0,P170,6,H412A,2,S
BM66M,1BT,101,BIMET,524,0,SES,1,P170,35,H412A,1,S
BM66M,K,045,AH36,525,0,NCB,1,P170,6,H412A,2,S
BM67A,1BT,101,BIMET,526,1,SES,0,P170,35,H412A,1,S
BM67A,K,045,AH36,527,1,NCB,0,P170,6,H412A,2,S
BM67M,1BT,101,BIMET,528,0,SES,1,P170,35,H412A,1,S
BM67M,K,045,AH36,529,0,NCB,1,P170,6,H412A,2,S
BM68,1BT,101,BIMET,530,1,SES,0,P170,35,H412A,13,S
BM68,K,701,AH36,531,1,NCB,0,P170,6,H412A,40,S
BM68A,1BT,101,BIMET,532,1,SES,0,P170,35,H412A,1,S
BM68A,K,044,AH36,533,1,NCB,0,P170,6,H412A,2,S
BM68M,1BT,101,BIMET,534,0,SES,1,P170,35,H412A,1,S
BM68M,K,046,AH36,535,0,NCB,1,P170,6,H412A,2,S
BM70A,1BT,101,BIMET,536,1,SES,0,P170,35,H412A,1,S
BM70A,K,046,AH36,537,1,NCB,0,P170,6,H412A,2,S
BM70M,1BT,101,BIMET,538,0,SES,1,P170,35,H412A,1,S
BM70M,K,045,AH36,539,0,NCB,1,P170,6,H412A,2,S
BM71A,1BT,101,BIMET,540,1,SES,0,P170,35,H412A,1,S
BM71A,K,045,AH36,541,1,NCB,0,P170,6,H412A,2,S
BM71M,1BT,101,BIMET,542,0,SES,1,P170,35,H412A,1,S
BM71M,K,044,AH36,543,0,NCB,1,P170,6,H412A,2,S
BM72A,1BT,101,BIMET,544,1,SES,0,P170,35,H412A,1,S
BM72A,K,045,AH36,545,1,NCB,0,P170,6,H412A,2,S
BM72M,1BT,101,BIMET,546,0,SES,1,P170,35,H412A,1,S
BM72M,K,044,AH36,547,0,NCB,1,P170,6,H412A,2,S
BM73A,1BT,101,BIMET,548,1,SES,0,P170,35,H412A,1,S
BM73A,K,045,AH36,549,1,NCB,0,P170,6,H412A,2,S
BM73M,1BT,101,BIMET,550,0,SES,1,P170,35,H412A,1,S
BM73M,K,044,AH36,551,0,NCB,1,P170,6,H412A,2,S
BM74A,1BT,101,BIMET,552,1,SES,0,P170,35,H412A,1,S
BM74A,K,045,AH36,553,1,NCB,0,P170,6,H412A,2,S
BM74M,1BT,101,BIMET,554,0,SES,1,P170,35,H412A,1,S
BM74M,K,044,AH36,555,0,NCB,1,P170,6,H412A,2,S
BM75A,1BT,101,BIMET,556,1,SES,0,P170,35,H412A,1,S
BM75A,K,046,AH36,557,1,NCB,0,P170,6,H412A,2,S
BM75M,1BT,101,BIMET,558,0,SES,1,P170,35,H412A,1,S
BM75M,K,044,AH36,559,0,NCB,1,P170,6,H412A,2,S
BM76A,1BT,101,BIMET,560,1,SES,0,P170,35,H412A,1,S
BM76A,K,044,AH36,561,1,NCB,0,P170,6,H412A,2,S
BM76M,1BT,101,BIMET,562,0,SES,1,P170,35,H412A,1,S
BM76M,K,044,AH36,563,0,NCB,1,P170,6,H412A,2,S
BT51A,1F,391,AH36,564,1,NFF,0,P170,10,H412A,13,S
BT51A,K,761,AH36,565,1,NCB,0,P170,6,H412A,12,S
BT51B,1F,391,AH36,566,1,NFF,0,P170,10,H412A,18,S
BT51B,K,762,AH36,567,1,NCB,0,P170,6,H412A,16,S
BT51M,1F,391,AH36,568,0,NFF,1,P170,10,H412A,13,S
BT51M,K,761,AH36,569,0,NCB,1,P170,6,H412A,12,S
BT51N,1F,391,AH36,570,0,NFF,1,P170,10,H412A,18,S
BT51N,K,762,AH36,571,0,NCB,1,P170,6,H412A,16,S
BT54A,1F,391,AH36,572,1,NFF,0,P170,10,H412A,13,S
BT54A,K,761,AH36,573,1,NCB,0,P170,6,H412A,12,S
BT54B,1F,391,AH36,574,1,NFF,0,P170,10,H412A,12,S
BT54B,2F,056,AH36,575,1,NFF,0,P170,10,H412A,8,S
BT54B,3F,391,AH36,576,1,NFF,0,P170,10,H412A,2,S
BT54B,K,761,AH36,577,1,NCB,0,P170,6,H412A,16,S
BT54C,1F,391,AH36,578,1,NFF,0,P170,10,H412A,12,S
BT54C,K,761,AH36,579,1,NCB,0,P170,6,H412A,11,S
BT54M,1F,391,AH36,580,0,NFF,1,P170,10,H412A,13,S
BT54M,K,761,AH36,581,0,NCB,1,P170,6,H412A,12,S
BT54N,1F,391,AH36,582,0,NFF,1,P170,10,H412A,12,S
BT54N,2F,056,AH36,583,0,NFF,1,P170,10,H412A,8,S
BT54N,3F,391,AH36,584,0,NFF,1,P170,10,H412A,2,S
BT54N,K,762,AH36,585,0,NCB,1,P170,6,H412A,16,S
BT54P,1F,391,AH36,586,0,NFF,1,P170,10,H412A,12,S
BT54P,K,761,AH36,587,0,NCB,1,P170,6,H412A,11,S
BT57A,1F,391,AH36,588,1,NFF,0,P170,10,H412A,13,S
BT57A,K,761,AH36,589,1,NCB,0,P170,6,H412A,12,S
BT57B,1F,391,AH36,590,1,NFF,0,P170,10,H412A,18,S
BT57B,K,762,AH36,591,1,NCB,0,P170,6,H412A,16,S
BT57C,1F,391,AH36,592,1,NFF,0,P170,10,H412A,13,S
BT57C,K,761,AH36,593,1,NCB,0,P170,6,H412A,11,S
BT57M,1F,391,AH36,594,0,NFF,1,P170,10,H412A,13,S
BT57M,K,761,AH36,595,0,NCB,1,P170,6,H412A,12,S
BT57N,1F,391,AH36,596,0,NFF,1,P170,10,H412A,18,S
BT57N,K,762,AH36,597,0,NCB,1,P170,6,H412A,16,S
BT57P,1F,391,AH36,598,0,NFF,1,P170,10,H412A,13,S
BT57P,K,762,AH36,599,0,NCB,1,P170,6,H412A,11,S
BT62A,1F,391,AH36,600,1,NFF,0,P170,10,H412A,47,S
BT62A,K,762,AH36,601,1,NCB,0,P170,6,H412A,40,S
BT62M,1F,391,AH36,602,0,NFF,1,P170,10,H412A,47,S
BT62M,K,762,AH36,603,0,NCB,1,P170,6,H412A,40,S
BT66A,1F,391,AH36,604,1,NFF,0,P170,10,H412A,47,S
BT66A,K,762,AH36,605,1,NCB,0,P170,6,H412A,40,S
BT66M,1F,391,AH36,606,0,NFF,1,P170,10,H412A,47,S
BT66M,K,762,AH36,607,0,NCB,1,P170,6,H412A,40,S
BT70A,1F,391,AH36,608,1,NFF,0,P170,10,H412A,13,S
BT70A,K,761,AH36,609,1,NCB,0,P170,6,H412A,12,S
BT70B,1F,391,AH36,610,1,NFF,0,P170,10,H412A,33,S
BT70B,K,761,AH36,611,1,NCB,0,P170,6,H412A,28,S
BT70M,1F,391,AH36,612,0,NFF,1,P170,10,H412A,47,S
BT70M,K,762,AH36,613,0,NCB,1,P170,6,H412A,40,S
BT74A,1F,391,AH36,614,1,NFF,0,P170,10,H412A,13,S
BT74A,K,045,AH36,615,1,NCB,0,P170,6,H412A,12,S
BT74B,1F,391,AH36,616,1,NFF,0,P170,10,H412A,26,S
BT74B,K,761,AH36,617,1,NCB,0,P170,6,H412A,22,S
BT74M,1F,391,AH36,618,0,NFF,1,P170,10,H412A,40,S
BT74M,K,762,AH36,619,0,NCB,1,P170,6,H412A,34,S
ET1A,1B,059,AH36,620,1,NCB,0,P170,6,H412A,0,S
ET1A,1B,059,AH36,621,1,NCB,0,P170,6,H412A,0,S
ET1A,2B,059,AH36,622,1,NCB,0,P170,6,H412A,0,S
ET1A,2B,059,AH36,623,1,NCB,0,P170,6,H412A,0,S
ET1A,K,061,AH36,624,1,NCB,0,P170,6,H412A,26,S
ET1A,1PL,061,AH36,625,1,NCB,0,P170,6,H412A,5,S
ET1A,2PL,061,AH36,626,1,NCB,0,P170,6,H412A,8,S
ET1A,3PL,061,AH36,627,1,NCB,0,P170,6,H412A,18,S
ET1A,4PL,061,AH36,628,1,NCB,0,P170,6,H412A,8,S
ET1M,1B,059,AH36,629,0,NCB,1,P170,6,H412A,0,S
ET1M,1B,059,AH36,630,0,NCB,1,P170,6,H412A,0,S
ET1M,2B,059,AH36,631,0,NCB,1,P170,6,H412A,0,S
ET1M,2B,059,AH36,632,0,NCB,1,P170,6,H412A,0,S
ET1M,K,061,AH36,633,0,NCB,1,P170,6,H412A,26,S
ET1M,1PL,061,AH36,634,0,NCB,1,P170,6,H412A,5,S
ET1M,2PL,061,AH36,635,0,NCB,1,P170,6,H412A,8,S
ET1M,3PL,061,AH36,636,0,NCB,1,P170,6,H412A,18,S
ET1M,4PL,061,AH36,637,0,NCB,1,P170,6,H412A,8,S
FW1,1BV,050,AH36,638,1,NCB,0,P170,8,H412A,1,S
FW1,1BV,050,AH36,639,1,NCB,0,P170,8,H412A,1,S
FW1,1BV,050,AH36,640,1,NCB,0,P170,8,H412A,1,S
FW1,1BV,050,AH36,641,1,NCB,0,P170,8,H412A,1,S
FW1,51BV,050,AH36,642,1,NCB,0,P170,8,H412A,1,S
FW1,51BV,050,AH36,643,0,NCB,1,P170,8,H412A,1,S
FW1,51BV,050,AH36,644,0,NCB,1,P170,8,H412A,1,S
FW1,51BV,050,AH36,645,0,NCB,1,P170,8,H412A,1,S
FW1,51BV,050,AH36,646,0,NCB,1,P170,8,H412A,1,S
FW1,1GU,056,AH36,647,1,NCB,0,P170,10,H412A,11,S
FW1,1GU,056,AH36,648,1,NCB,0,P170,10,H412A,11,S
FW1,51GU,056,AH36,649,0,NCB,1,P170,10,H412A,11,S
FW1,51GU,056,AH36,650,0,NCB,1,P170,10,H412A,11,S
FW1,K,050,AH36,651,1,NCB,0,P170,8,H412A,364,S
FW1,1L,542,AH36,652,1,SES,0,P170,7,H412A,47,S
FW1,1S,543,AH36,653,1,SES,0,P170,7,H412A,9,S
FW1,1S,543,AH36,654,1,SES,0,P170,7,H412A,9,S
FW1,1S,543,AH36,655,1,SES,0,P170,7,H412A,9,S
FW1,1S,543,AH36,656,1,SES,0,P170,7,H412A,9,S
FW1,50S,543,AH36,657,1,SES,0,P170,7,H412A,9,S
FW1,51S,543,AH36,658,0,SES,1,P170,7,H412A,9,S
FW1,51S,543,AH36,659,0,SES,1,P170,7,H412A,9,S
FW1,51S,543,AH36,660,0,SES,1,P170,7,H412A,9,S
FW1,51S,543,AH36,661,0,SES,1,P170,7,H412A,9,S
FW1A,1B,050,AH36,662,1,NCB,0,P170,8,H412A,1,S
FW1A,1B,050,AH36,663,1,NCB,0,P170,8,H412A,1,S
FW1A,1B,050,AH36,664,1,NCB,0,P170,8,H412A,1,S
FW1A,1B,050,AH36,665,1,NCB,0,P170,8,H412A,1,S
FW1A,1B,050,AH36,666,1,NCB,0,P170,8,H412A,1,S
FW1A,1GU,056,AH36,667,1,NCB,0,P170,10,H412A,11,S
FW1A,1GU,056,AH36,668,1,NCB,0,P170,10,H412A,11,S
FW1A,K,054,AH36,669,1,NCB,0,P170,8,H412A,264,S
FW1A,1L,542,AH36,670,1,SES,0,P170,7,H412A,35,S
FW1A,1S,542,AH36,671,1,SES,0,P170,7,H412A,9,S
FW1A,1S,543,AH36,672,1,SES,0,P170,7,H412A,9,S
FW1A,1S,542,AH36,673,1,SES,0,P170,7,H412A,9,S
FW1A,1S,542,AH36,674,1,SES,0,P170,7,H412A,9,S
FW1A,1S,542,AH36,675,1,SES,0,P170,7,H412A,9,S
FW1M,1B,050,AH36,676,0,NCB,1,P170,8,H412A,1,S
FW1M,1B,050,AH36,677,0,NCB,1,P170,8,H412A,1,S
FW1M,1B,050,AH36,678,0,NCB,1,P170,8,H412A,1,S
FW1M,1B,050,AH36,679,0,NCB,1,P170,8,H412A,1,S
FW1M,1B,050,AH36,680,0,NCB,1,P170,8,H412A,1,S
FW1M,1GU,056,AH36,681,0,NCB,1,P170,10,H412A,11,S
FW1M,1GU,056,AH36,682,0,NCB,1,P170,10,H412A,11,S
FW1M,K,054,AH36,683,0,NCB,1,P170,8,H412A,264,S
FW1M,1L,542,AH36,684,0,SES,1,P170,7,H412A,35,S
FW1M,1S,543,AH36,685,0,SES,1,P170,7,H412A,9,S
FW1M,1S,542,AH36,686,0,SES,1,P170,7,H412A,9,S
FW1M,1S,542,AH36,687,0,SES,1,P170,7,H412A,9,S
FW1M,1S,542,AH36,688,0,SES,1,P170,7,H412A,9,S
FW1M,1S,542,AH36,689,0,SES,1,P170,7,H412A,9,S
FW2,1B,055,AH36,690,1,NCB,0,P170,11,H412A,5,S
FW2,2B,050,AH36,691,1,NCB,0,P170,8,H412A,7,S
FW2,2B,050,AH36,692,1,NCB,0,P170,8,H412A,7,S
FW2,2B,050,AH36,693,1,NCB,0,P170,8,H412A,7,S
FW2,50B,055,AH36,694,0,NCB,1,P170,11,H412A,5,S
FW2,51B,055,AH36,695,0,NCB,1,P170,11,H412A,5,S
FW2,52B,050,AH36,696,0,NCB,1,P170,8,H412A,7,S
FW2,52B,050,AH36,697,0,NCB,1,P170,8,H412A,7,S
FW2,52B,050,AH36,698,0,NCB,1,P170,8,H412A,7,S
FW2,1E,541,AH36,699,1,SES,0,P170,6,H412A,6,S
FW2,1E,541,AH36,700,1,SES,0,P170,6,H412A,6,S
FW2,2E,541,AH36,701,1,SES,0,P170,6,H412A,6,S
FW2,2E,541,AH36,702,1,SES,0,P170,6,H412A,6,S
FW2,51E,541,AH36,703,0,SES,1,P170,6,H412A,6,S
FW2,51E,541,AH36,704,0,SES,1,P170,6,H412A,6,S
FW2,52E,541,AH36,705,0,SES,1,P170,6,H412A,6,S
FW2,52E,541,AH36,706,0,SES,1,P170,6,H412A,6,S
FW2,K,055,AH36,707,1,NCB,0,P170,12,H412A,552,S
FW2,1X,391,AH36,708,1,NFF,0,P170,10,H412A,40,S
FW2,1X,391,AH36,709,1,NFF,0,P170,10,H412A,40,S
FW2A,1B,055,AH36,710,1,NCB,0,P170,11,H412A,5,S
FW2A,2B,050,AH36,711,1,NCB,0,P170,8,H412A,6,S
FW2A,3B,050,AH36,712,1,NCB,0,P170,8,H412A,9,S
FW2A,4B,050,AH36,713,1,NCB,0,P170,8,H412A,8,S
FW2A,5B,050,AH36,714,1,NCB,0,P170,8,H412A,7,S
FW2A,1E,541,AH36,715,1,SES,0,P170,6,H412A,6,S
FW2A,1E,541,AH36,716,1,SES,0,P170,6,H412A,6,S
FW2A,2E,541,AH36,717,1,SES,0,P170,6,H412A,6,S
FW2A,2E,541,AH36,718,1,SES,0,P170,6,H412A,6,S
FW2A,K,054,AH36,719,1,NCB,0,P170,8,H412A,239,S
FW2A,1X,391,AH36,720,1,NFF,0,P170,10,H412A,29,S
FW2A,2X,391,AH36,721,1,NFF,0,P170,10,H412A,28,S
FW2M,1B,055,AH36,722,0,NCB,1,P170,11,H412A,5,S
FW2M,2B,050,AH36,723,0,NCB,1,P170,8,H412A,6,S
FW2M,3B,050,AH36,724,0,NCB,1,P170,8,H412A,9,S
FW2M,4B,054,AH36,725,0,NCB,1,P170,8,H412A,8,S
FW2M,5B,050,AH36,726,0,NCB,1,P170,8,H412A,7,S
FW2M,1E,541,AH36,727,0,SES,1,P170,6,H412A,6,S
FW2M,1E,541,AH36,728,0,SES,1,P170,6,H412A,6,S
FW2M,2E,541,AH36,729,0,SES,1,P170,6,H412A,6,S
FW2M,2E,541,AH36,730,0,SES,1,P170,6,H412A,6,S
FW2M,K,054,AH36,731,0,NCB,1,P170,8,H412A,239,S
FW2M,1X,391,AH36,732,0,NFF,1,P170,10,H412A,29,S
FW2M,2X,391,AH36,733,0,NFF,1,P170,10,H412A,28,S
LB1A,1B,050,AH36,734,1,NCB,0,P170,8,H412A,4,S
LB1A,1C,059,AH36,735,1,NCB,0,P170,6,H412A,1,UA
LB1A,1C,059,AH36,736,1,NCB,0,P170,6,H412A,1,UA
LB1A,1C,059,AH36,737,1,NCB,0,P170,6,H412A,1,UA
LB1A,1C,059,AH36,738,1,NCB,0,P170,6,H412A,1,UA
LB1A,1F,761,AH36,739,1,NFF,0,P170,6,H412A,23,S
LB1A,K,059,AH36,740,1,NCB,0,P170,6,H412A,413,S
LB1A,1N,054,AH36,741,1,NFF,0,P170,8,H412A,4,S
LB1A,2N,054,AH36,742,1,NFF,0,P170,8,H412A,2,S
LB1A,1PL,761,AH36,743,1,NCB,0,P170,6,H412A,99,S
LB1A,1T,061,AH36,744,1,NCB,0,P170,6,H412A,2,UA
LB1A,1T,061,AH36,745,1,NCB,0,P170,6,H412A,2,UA
LB1B,1B,050,AH36,746,1,NCB,0,P170,8,H412A,3,S
LB1B,1C,059,AH36,747,1,NCB,0,P170,6,H412A,1,UA
LB1B,1C,059,AH36,748,1,NCB,0,P170,6,H412A,1,UA
LB1B,1C,059,AH36,749,1,NCB,0,P170,6,H412A,1,UA
LB1B,1F,043,AH36,750,1,NFF,0,P170,6,H412A,21,S
LB1B,1FX,054,AH36,751,1,NFF,0,P170,8,H412A,2,S
LB1B,2FX,054,AH36,752,1,NFF,0,P170,8,H412A,2,S
LB1B,K,059,AH36,753,1,NCB,0,P170,6,H412A,236,S
LB1B,1PL,701,AH36,754,1,NCB,0,P170,6,H412A,95,S
LB1B,2PL,063,AH36,755,1,NCB,0,P170,6,H412A,8,UA
LB1B,1S,541,AH36,756,1,SES,0,P170,6,H412A,14,S
LB1B,2S,541,AH36,757,1,SES,0,P170,6,H412A,13,S
LB1B,1T,061,AH36,758,1,NCB,0,P170,6,H412A,2,UA
LB1B,1X,054,AH36,759,1,NFF,0,P170,8,H412A,10,S
LB1B,1X,054,AH36,760,1,NFF,0,P170,8,H412A,10,S
LB3A,1C,059,AH36,761,1,NCB,0,P170,6,H412A,1,UA
LB3A,1C,059,AH36,762,1,NCB,0,P170,6,H412A,1,UA
LB3A,1C,059,AH36,763,1,NCB,0,P170,6,H412A,1,UA
LB3A,1F,045,AH36,764,1,NFF,0,P170,6,H412A,10,S
LB3A,K,060,AH36,765,1,NCB,0,P170,6,H412A,184,S
LB3A,1PL,761,AH36,766,1,NCB,0,P170,6,H412A,47,S
LB3B,1B,050,AH36,767,1,NCB,0,P170,8,H412A,4,S
LB3B,1B,050,AH36,768,1,NCB,0,P170,8,H412A,4,S
LB3B,1C,059,AH36,769,1,NCB,0,P170,6,H412A,1,UA
LB3B,1C,059,AH36,770,1,NCB,0,P170,6,H412A,1,UA
LB3B,1C,059,AH36,771,1,NCB,0,P170,6,H412A,1,UA
LB3B,1DX,054,AH36,772,1,NFF,0,P170,8,H412A,3,S
LB3B,2DX,054,AH36,773,1,NFF,0,P170,8,H412A,2,S
LB3B,1F,049,AH36,774,1,NFF,0,P170,6,H412A,24,S
LB3B,K,059,AH36,775,1,NCB,0,P170,6,H412A,286,S
LB3B,1PL,761,AH36,776,1,NCB,0,P170,6,H412A,110,S
LB3B,2PL,063,AH36,777,1,NCB,0,P170,6,H412A,8,UA
LB3B,1S,541,AH36,778,1,SES,0,P170,6,H412A,14,S
LB3B,2S,541,AH36,779,1,SES,0,P170,6,H412A,13,S
LB3B,2S,541,AH36,780,1,SES,0,P170,6,H412A,13,S
LB3B,1T,061,AH36,781,1,NCB,0,P170,6,H412A,2,UA
LB3B,1T,061,AH36,782,1,NCB,0,P170,6,H412A,2,UA
LB3B,1X,054,AH36,783,1,NFF,0,P170,8,H412A,10,S
LB3B,1X,054,AH36,784,1,NFF,0,P170,8,H412A,10,S
LB3M,1B,050,AH36,785,0,NCB,1,P170,8,H412A,4,S
LB3M,1C,059,AH36,786,0,NCB,1,P170,6,H412A,1,UA
LB3M,1C,059,AH36,787,0,NCB,1,P170,6,H412A,1,UA
LB3M,1F,762,AH36,788,0,NFF,1,P170,6,H412A,19,S
LB3M,K,060,AH36,789,0,NCB,1,P170,6,H412A,366,S
LB3M,1PL,761,AH36,790,0,NCB,1,P170,6,H412A,89,S
LB3M,1T,061,AH36,791,0,NCB,1,P170,6,H412A,2,UA
LB3M,1X,056,AH36,792,0,NFF,1,P170,10,H412A,3,S
LB3N,1B,050,AH36,793,0,NCB,1,P170,8,H412A,4,S
LB3N,1B,050,AH36,794,0,NCB,1,P170,8,H412A,4,S
LB3N,1B,050,AH36,795,0,NCB,1,P170,8,H412A,4,S
LB3N,1C,059,AH36,796,0,NCB,1,P170,6,H412A,1,UA
LB3N,1C,059,AH36,797,0,NCB,1,P170,6,H412A,1,UA
LB3N,1C,059,AH36,798,0,NCB,1,P170,6,H412A,1,UA
LB3N,1C,059,AH36,799,0,NCB,1,P170,6,H412A,1,UA
LB3N,1C,059,AH36,800,0,NCB,1,P170,6,H412A,1,UA
LB3N,1C,059,AH36,801,0,NCB,1,P170,6,H412A,1,UA
LB3N,1C,059,AH36,802,0,NCB,1,P170,6,H412A,1,UA
LB3N,1F,701,AH36,803,0,NFF,1,P170,6,H412A,43,S
LB3N,K,058,AH36,804,0,NCB,1,P170,6,H412A,788,S
LB3N,1PL,761,AH36,805,0,NCB,1,P170,6,H412A,189,S
LB3N,2PL,063,AH36,806,0,NCB,1,P170,6,H412A,8,UA
LB3N,1T,061,AH36,807,0,NCB,1,P170,6,H412A,2,UA
LB3N,1T,061,AH36,808,0,NCB,1,P170,6,H412A,2,UA
LB3N,1T,061,AH36,809,0,NCB,1,P170,6,H412A,2,UA
LB7A,1B,050,AH36,810,1,NCB,0,P170,8,H412A,1,S
LB7A,1B,050,AH36,811,1,NCB,0,P170,8,H412A,1,S
LB7A,1B,050,AH36,812,1,NCB,0,P170,8,H412A,1,S
LB7A,1B,050,AH36,813,1,NCB,0,P170,8,H412A,1,S
LB7A,11B,050,AH36,814,1,NCB,0,P170,8,H412A,1,S
LB7A,12B,050,AH36,815,1,NCB,0,P170,8,H412A,1,S
LB7A,13B,054,AH36,816,1,NCB,0,P170,8,H412A,1,S
LB7A,1BV,050,AH36,817,1,NCB,0,P170,8,H412A,1,S
LB7A,1C,059,AH36,818,1,NCB,0,P170,6,H412A,1,UA
LB7A,1C,059,AH36,819,1,NCB,0,P170,6,H412A,1,UA
LB7A,1C,059,AH36,820,1,NCB,0,P170,6,H412A,1,UA
LB7A,1FX,054,AH36,821,1,NFF,0,P170,8,H412A,2,S
LB7A,1FX,054,AH36,822,1,NFF,0,P170,8,H412A,2,S
LB7A,1FX,054,AH36,823,1,NFF,0,P170,8,H412A,2,S
LB7A,1FX,054,AH36,824,1,NFF,0,P170,8,H412A,2,S
LB7A,1FX,054,AH36,825,1,NFF,0,P170,8,H412A,2,S
LB7A,1FX,054,AH36,826,1,NFF,0,P170,8,H412A,2,S
LB7A,2FX,054,AH36,827,1,NFF,0,P170,8,H412A,1,S
LB7A,2FX,054,AH36,828,1,NFF,0,P170,8,H412A,1,S
LB7A,K,061,AH36,829,1,NCB,0,P170,6,H412A,412,S
LB7A,1S,541,AH36,830,1,SES,0,P170,6,H412A,16,S
LB7A,1S,541,AH36,831,1,SES,0,P170,6,H412A,16,S
LB7A,1S,541,AH36,832,1,SES,0,P170,6,H412A,16,S
LB7A,1S,541,AH36,833,1,SES,0,P170,6,H412A,16,S
LB7A,2S,541,AH36,834,1,SES,0,P170,6,H412A,15,S
LB7A,3S,541,AH36,835,1,SES,0,P170,6,H412A,13,S
LB7A,1T,061,AH36,836,1,NCB,0,P170,6,H412A,2,UA
LB7A,1X,221,AH36,837,1,NFF,0,P170,14,H412A,31,S
LB7B,1B,050,AH36,838,1,NCB,0,P170,8,H412A,1,S
LB7B,1B,050,AH36,839,1,NCB,0,P170,8,H412A,1,S
LB7B,1B,050,AH36,840,1,NCB,0,P170,8,H412A,1,S
LB7B,1B,050,AH36,841,1,NCB,0,P170,8,H412A,1,S
LB7B,1B,050,AH36,842,1,NCB,0,P170,8,H412A,1,S
LB7B,1B,050,AH36,843,1,NCB,0,P170,8,H412A,1,S
LB7B,1B,050,AH36,844,1,NCB,0,P170,8,H412A,1,S
LB7B,1B,050,AH36,845,1,NCB,0,P170,8,H412A,1,S
LB7B,11B,050,AH36,846,1,NCB,0,P170,8,H412A,1,S
LB7B,11B,050,AH36,847,1,NCB,0,P170,8,H412A,1,S
LB7B,11B,050,AH36,848,1,NCB,0,P170,8,H412A,1,S
LB7B,11B,050,AH36,849,1,NCB,0,P170,8,H412A,1,S
LB7B,11B,054,AH36,850,1,NCB,0,P170,8,H412A,1,S
LB7B,1BV,050,AH36,851,1,NCB,0,P170,8,H412A,1,S
LB7B,1BV,050,AH36,852,1,NCB,0,P170,8,H412A,1,S
LB7B,1BV,050,AH36,853,1,NCB,0,P170,8,H412A,1,S
LB7B,1C,059,AH36,854,1,NCB,0,P170,6,H412A,1,UA
LB7B,1C,059,AH36,855,1,NCB,0,P170,6,H412A,1,UA
LB7B,1C,059,AH36,856,1,NCB,0,P170,6,H412A,1,UA
LB7B,1C,059,AH36,857,1,NCB,0,P170,6,H412A,1,UA
LB7B,1C,059,AH36,858,1,NCB,0,P170,6,H412A,1,UA
LB7B,1C,059,AH36,859,1,NCB,0,P170,6,H412A,1,UA
LB7B,1C,059,AH36,860,1,NCB,0,P170,6,H412A,1,UA
LB7B,1C,059,AH36,861,1,NCB,0,P170,6,H412A,1,UA
LB7B,1FX,054,AH36,862,1,NFF,0,P170,8,H412A,2,S
LB7B,1FX,054,AH36,863,1,NFF,0,P170,8,H412A,2,S
LB7B,1FX,054,AH36,864,1,NFF,0,P170,8,H412A,2,S
LB7B,1FX,054,AH36,865,1,NFF,0,P170,8,H412A,2,S
LB7B,1FX,054,AH36,866,1,NFF,0,P170,8,H412A,2,S
LB7B,1FX,054,AH36,867,1,NFF,0,P170,8,H412A,2,S
LB7B,1FX,054,AH36,868,1,NFF,0,P170,8,H412A,2,S
LB7B,1FX,054,AH36,869,1,NFF,0,P170,8,H412A,2,S
LB7B,1FX,054,AH36,870,1,NFF,0,P170,8,H412A,2,S
LB7B,1FX,054,AH36,871,1,NFF,0,P170,8,H412A,2,S
LB7B,1FX,054,AH36,872,1,NFF,0,P170,8,H412A,2,S
LB7B,1FX,054,AH36,873,1,NFF,0,P170,8,H412A,2,S
LB7B,1FX,054,AH36,874,1,NFF,0,P170,8,H412A,2,S
LB7B,1FX,054,AH36,875,1,NFF,0,P170,8,H412A,2,S
LB7B,1FX,054,AH36,876,1,NFF,0,P170,8,H412A,2,S
LB7B,1FX,054,AH36,877,1,NFF,0,P170,8,H412A,2,S
LB7B,1FX,054,AH36,878,1,NFF,0,P170,8,H412A,2,S
LB7B,1FX,054,AH36,879,1,NFF,0,P170,8,H412A,2,S
LB7B,1FX,054,AH36,880,1,NFF,0,P170,8,H412A,2,S
LB7B,K,057,AH36,881,1,NCB,0,P170,6,H412A,949,S
LB7B,1S,541,AH36,882,1,SES,0,P170,6,H412A,16,S
LB7B,1S,541,AH36,883,1,SES,0,P170,6,H412A,16,S
LB7B,1S,541,AH36,884,1,SES,0,P170,6,H412A,16,S
LB7B,1S,541,AH36,885,1,SES,0,P170,6,H412A,16,S
LB7B,1S,541,AH36,886,1,SES,0,P170,6,H412A,16,S
LB7B,1S,541,AH36,887,1,SES,0,P170,6,H412A,16,S
LB7B,1S,541,AH36,888,1,SES,0,P170,6,H412A,16,S
LB7B,1S,541,AH36,889,1,SES,0,P170,6,H412A,16,S
LB7B,2S,541,AH36,890,1,SES,0,P170,6,H412A,15,S
LB7B,2S,541,AH36,891,1,SES,0,P170,6,H412A,15,S
LB7B,2S,541,AH36,892,1,SES,0,P170,6,H412A,15,S
LB7B,1T,061,AH36,893,1,NCB,0,P170,6,H412A,2,UA
LB7B,1T,061,AH36,894,1,NCB,0,P170,6,H412A,2,UA
LB7B,1T,061,AH36,895,1,NCB,0,P170,6,H412A,2,UA
LB7B,2T,059,AH36,896,1,NCB,0,P170,6,H412A,1,UA
LB7B,1X,221,AH36,897,1,NFF,0,P170,14,H412A,41,S
LB7B,2X,221,AH36,898,1,NFF,0,P170,14,H412A,25,S
LB7M,1B,050,AH36,899,0,NCB,1,P170,8,H412A,1,S
LB7M,1B,050,AH36,900,0,NCB,1,P170,8,H412A,1,S
LB7M,11B,054,AH36,901,0,NCB,1,P170,8,H412A,1,S
LB7M,12B,050,AH36,902,0,NCB,1,P170,8,H412A,1,S
LB7M,13B,054,AH36,903,0,NCB,1,P170,8,H412A,1,S
LB7M,1BV,050,AH36,904,0,NCB,1,P170,8,H412A,1,S
LB7M,1C,050,AH36,905,0,NCB,1,P170,8,H412A,1,UA
LB7M,1FX,054,AH36,906,0,NFF,1,P170,8,H412A,2,S
LB7M,1FX,054,AH36,907,0,NFF,1,P170,8,H412A,2,S
LB7M,1FX,054,AH36,908,0,NFF,1,P170,8,H412A,2,S
LB7M,1FX,054,AH36,909,0,NFF,1,P170,8,H412A,2,S
LB7M,1FX,054,AH36,910,0,NFF,1,P170,8,H412A,2,S
LB7M,1FX,054,AH36,911,0,NFF,1,P170,8,H412A,2,S
LB7M,2FX,054,AH36,912,0,NFF,1,P170,8,H412A,1,S
LB7M,2FX,054,AH36,913,0,NFF,1,P170,8,H412A,1,S
LB7M,K,054,AH36,914,0,NCB,1,P170,8,H412A,552,S
LB7M,1S,541,AH36,915,0,SES,1,P170,6,H412A,16,S
LB7M,1S,541,AH36,916,0,SES,1,P170,6,H412A,16,S
LB7M,2S,541,AH36,917,0,SES,1,P170,6,H412A,15,S
LB7M,3S,541,AH36,918,0,SES,1,P170,6,H412A,13,S
LB7M,4S,541,AH36,919,0,SES,1,P170,6,H412A,15,S
LB7M,1T,050,AH36,920,0,NCB,1,P170,8,H412A,3,UA
LB7M,1X,221,AH36,921,0,NFF,1,P170,14,H412A,29,S
LB7N,1B,050,AH36,922,0,NCB,1,P170,8,H412A,1,S
LB7N,1B,050,AH36,923,0,NCB,1,P170,8,H412A,1,S
LB7N,1B,050,AH36,924,0,NCB,1,P170,8,H412A,1,S
LB7N,1B,050,AH36,925,0,NCB,1,P170,8,H412A,1,S
LB7N,1B,050,AH36,926,0,NCB,1,P170,8,H412A,1,S
LB7N,1B,050,AH36,927,0,NCB,1,P170,8,H412A,1,S
LB7N,2B,050,AH36,928,0,NCB,1,P170,8,H412A,1,S
LB7N,11B,054,AH36,929,0,NCB,1,P170,8,H412A,1,S
LB7N,11B,050,AH36,930,0,NCB,1,P170,8,H412A,1,S
LB7N,11B,050,AH36,931,0,NCB,1,P170,8,H412A,1,S
LB7N,11B,050,AH36,932,0,NCB,1,P170,8,H412A,1,S
LB7N,1BV,050,AH36,933,0,NCB,1,P170,8,H412A,1,S
LB7N,1BV,050,AH36,934,0,NCB,1,P170,8,H412A,1,S
LB7N,1BV,050,AH36,935,0,NCB,1,P170,8,H412A,1,S
LB7N,1C,059,AH36,936,0,NCB,1,P170,6,H412A,1,UA
LB7N,1C,059,AH36,937,0,NCB,1,P170,6,H412A,1,UA
LB7N,1C,059,AH36,938,0,NCB,1,P170,6,H412A,1,UA
LB7N,1C,059,AH36,939,0,NCB,1,P170,6,H412A,1,UA
LB7N,1C,059,AH36,940,0,NCB,1,P170,6,H412A,1,UA
LB7N,1C,059,AH36,941,0,NCB,1,P170,6,H412A,1,UA
LB7N,1C,059,AH36,942,0,NCB,1,P170,6,H412A,1,UA
LB7N,1C,059,AH36,943,0,NCB,1,P170,6,H412A,1,UA
LB7N,1FX,054,AH36,944,0,NFF,1,P170,8,H412A,2,S
LB7N,1FX,054,AH36,945,0,NFF,1,P170,8,H412A,2,S
LB7N,1FX,054,AH36,946,0,NFF,1,P170,8,H412A,2,S
LB7N,1FX,054,AH36,947,0,NFF,1,P170,8,H412A,2,S
LB7N,1FX,054,AH36,948,0,NFF,1,P170,8,H412A,2,S
LB7N,1FX,054,AH36,949,0,NFF,1,P170,8,H412A,2,S
LB7N,1FX,054,AH36,950,0,NFF,1,P170,8,H412A,2,S
LB7N,1FX,054,AH36,951,0,NFF,1,P170,8,H412A,2,S
LB7N,1FX,054,AH36,952,0,NFF,1,P170,8,H412A,2,S
LB7N,1FX,054,AH36,953,0,NFF,1,P170,8,H412A,2,S
LB7N,1FX,054,AH36,954,0,NFF,1,P170,8,H412A,2,S
LB7N,1FX,054,AH36,955,0,NFF,1,P170,8,H412A,2,S
LB7N,1FX,054,AH36,956,0,NFF,1,P170,8,H412A,2,S
LB7N,1FX,054,AH36,957,0,NFF,1,P170,8,H412A,2,S
LB7N,1FX,054,AH36,958,0,NFF,1,P170,8,H412A,2,S
LB7N,1FX,054,AH36,959,0,NFF,1,P170,8,H412A,2,S
LB7N,K,062,AH36,960,0,NCB,1,P170,6,H412A,880,S
LB7N,1S,541,AH36,961,0,SES,1,P170,6,H412A,16,S
LB7N,1S,541,AH36,962,0,SES,1,P170,6,H412A,16,S
LB7N,1S,541,AH36,963,0,SES,1,P170,6,H412A,16,S
LB7N,1S,541,AH36,964,0,SES,1,P170,6,H412A,16,S
LB7N,1S,541,AH36,965,0,SES,1,P170,6,H412A,16,S
LB7N,1S,541,AH36,966,0,SES,1,P170,6,H412A,16,S
LB7N,2S,541,AH36,967,0,SES,1,P170,6,H412A,15,S
LB7N,2S,541,AH36,968,0,SES,1,P170,6,H412A,15,S
LB7N,2S,541,AH36,969,0,SES,1,P170,6,H412A,15,S
LB7N,3S,541,AH36,970,0,SES,1,P170,6,H412A,17,S
LB7N,1T,061,AH36,971,0,NCB,1,P170,6,H412A,2,UA
LB7N,1T,061,AH36,972,0,NCB,1,P170,6,H412A,2,UA
LB7N,1T,061,AH36,973,0,NCB,1,P170,6,H412A,2,UA
LB7N,1X,221,AH36,974,0,NFF,1,P170,14,H412A,15,S
LB7N,2X,221,AH36,975,0,NFF,1,P170,14,H412A,41,S
LB7N,3X,054,AH36,976,0,NFF,1,P170,8,H412A,5,S
MG1,1C,059,AH36,977,1,NCB,0,P170,6,H412A,1,UA
MG1,1C,059,AH36,978,1,NCB,0,P170,6,H412A,1,UA
MG1,1C,059,AH36,979,1,NCB,0,P170,6,H412A,1,UA
MG1,1F,391,AH36,980,1,NFF,0,P170,10,H412A,46,S
MG1,K,762,AH36,981,1,NCB,0,P170,6,H412A,37,S
MG2,1C,059,AH36,982,1,NCB,0,P170,6,H412A,1,UA
MG2,1F,391,AH36,983,1,NFF,0,P170,10,H412A,52,S
MG2,K,761,AH36,984,1,NCB,0,P170,6,H412A,41,S
MG3,1F,391,AH36,985,1,NFF,0,P170,10,H412A,36,S
MG3,K,762,AH36,986,1,NCB,0,P170,6,H412A,29,S
T59A,1F,001,AH36,987,1,NFF,0,P170,6,H412A,8,S
T59A,K,063,AH36,988,1,NCB,0,P170,6,H412A,65,S
T59A,1PL,761,AH36,989,1,NCB,0,P170,6,H412A,38,S
T59B,1F,045,AH36,990,1,NFF,0,P170,6,H412A,13,S
T59B,K,761,AH36,991,1,NCB,0,P170,6,H412A,230,S
T59B,1PL,048,AH36,992,1,NCB,0,P170,6,H412A,57,S
T59C,K,057,AH36,993,1,NCB,0,P170,6,H412A,89,S
T59C,1S,541,AH36,994,1,SES,0,P170,6,H412A,13,S
T59C,1X,050,AH36,995,1,NFF,0,P170,8,H412A,6,S
T59M,1F,001,AH36,996,0,NFF,1,P170,6,H412A,19,S
T59M,K,058,AH36,997,0,NCB,1,P170,6,H412A,346,S
T59M,1PL,701,AH36,998,0,NCB,1,P170,6,H412A,75,S
T59M,1T,061,AH36,999,0,NCB,1,P170,6,H412A,2,UA
T59N,K,063,AH36,1000,0,NCB,1,P170,6,H412A,173,S
T59N,1S,541,AH36,1001,0,SES,1,P170,6,H412A,14,S
T59N,2S,541,AH36,1002,0,SES,1,P170,6,H412A,13,S
T59N,1X,054,AH36,1003,0,NFF,1,P170,8,H412A,6,S
T59N,2X,054,AH36,1004,0,NFF,1,P170,8,H412A,6,S
T61A,K,061,AH36,1005,1,NCB,0,P170,6,H412A,77,S
T61A,1X,054,AH36,1006,1,NFF,0,P170,8,H412A,5,S
T63M,1B,050,AH36,1007,0,NCB,1,P170,8,H412A,4,S
T63M,1F,762,AH36,1008,0,NFF,1,P170,6,H412A,12,S
T63M,K,063,AH36,1009,0,NCB,1,P170,6,H412A,244,S
T63M,1PL,761,AH36,1010,0,NCB,1,P170,6,H412A,37,S
T63M,2PL,063,AH36,1011,1,NCB,0,P170,6,H412A,7,UA
T63M,3PL,063,AH36,1012,0,NCB,1,P170,6,H412A,8,UA
T63M,1T,061,AH36,1013,1,NCB,0,P170,6,H412A,2,UA
T64A,1F,762,AH36,1014,1,NFF,0,P170,6,H412A,13,S
T64A,K,063,AH36,1015,1,NCB,0,P170,6,H412A,243,S
T64A,1PL,058,AH36,1016,1,NCB,0,P170,6,H412A,52,S
T64A,2PL,063,AH36,1017,1,NCB,0,P170,6,H412A,8,UA
T67M,1F,762,AH36,1018,0,NFF,1,P170,6,H412A,13,S
T67M,K,063,AH36,1019,0,NCB,1,P170,6,H412A,245,S
T67M,1PL,062,AH36,1020,0,NCB,1,P170,6,H412A,63,S
T69A,K,060,AH36,1021,1,NCB,0,P170,6,H412A,152,S
T69A,1S,541,AH36,1022,1,SES,0,P170,6,H412A,15,S
T69A,1X,056,AH36,1023,1,NFF,0,P170,10,H412A,6,S
T72M,1B,050,AH36,1024,0,NCB,1,P170,8,H412A,4,S
T72M,1F,762,AH36,1025,0,NFF,1,P170,6,H412A,12,S
T72M,K,063,AH36,1026,0,NCB,1,P170,6,H412A,244,S
T72M,1PL,761,AH36,1027,0,NCB,1,P170,6,H412A,46,S
T72M,2PL,063,AH36,1028,1,NCB,0,P170,6,H412A,8,UA
T72M,3PL,063,AH36,1029,0,NCB,1,P170,6,H412A,8,UA
T72M,1T,061,AH36,1030,1,NCB,0,P170,6,H412A,2,UA
T72N,1F,762,AH36,1031,0,NFF,1,P170,6,H412A,13,S
T72N,K,062,AH36,1032,0,NCB,1,P170,6,H412A,245,S
T72N,1PL,761,AH36,1033,0,NCB,1,P170,6,H412A,65,S
99999,A,051,AH36,1034,1,NCB,0,P170,6,H413P,386,R
99999,B,053,AH36,1035,1,NCB,0,P170,8,H413P,378,R
99999,1B,053,AH36,1036,1,NCB,0,P170,8,H413P,4,R
99999,1B,053,AH36,1037,1,NCB,0,P170,8,H413P,4,R
99999,1B,053,AH36,1038,1,NCB,0,P170,8,H413P,4,R
99999,1B,053,AH36,1039,1,NCB,0,P170,8,H413P,4,R
99999,1B,053,AH36,1040,1,NCB,0,P170,8,H413P,4,R
99999,2B,053,AH36,1041,1,NCB,0,P170,8,H413P,4,R
99999,3B,052,AH36,1042,1,NCB,0,P170,8,H413P,2,R
99999,4B,053,AH36,1043,1,NCB,0,P170,8,H413P,2,R
99999,5B,053,AH36,1044,1,NCB,0,P170,8,H413P,3,R
99999,6B,053,AH36,1045,1,NCB,0,P170,8,H413P,3,R
99999,7B,052,AH36,1046,1,NCB,0,P170,8,H413P,3,R
99999,8B,052,AH36,1047,1,NCB,0,P170,8,H413P,3,R
99999,9B,053,AH36,1048,1,NCB,0,P170,8,H413P,4,R
99999,10B,055,AH36,1049,1,NCB,0,P170,11,H413P,4,R
99999,11B,055,AH36,1050,1,NCB,0,P170,11,H413P,4,R
99999,12B,053,AH36,1051,1,NCB,0,P170,8,H413P,7,R
99999,12B,053,AH36,1052,1,NCB,0,P170,8,H413P,7,R
99999,12B,053,AH36,1053,1,NCB,0,P170,8,H413P,7,R
99999,12B,053,AH36,1054,1,NCB,0,P170,8,H413P,7,R
99999,12B,053,AH36,1055,1,NCB,0,P170,8,H413P,7,R
99999,12B,053,AH36,1056,1,NCB,0,P170,8,H413P,7,R
99999,13B,053,AH36,1057,1,NCB,0,P170,8,H413P,3,R
99999,14B,053,AH36,1058,1,NCB,0,P170,8,H413P,8,R
99999,15B,052,AH36,1059,1,NCB,0,P170,8,H413P,2,R
99999,1BV,053,AH36,1060,1,NCB,0,P170,8,H413P,2,R
99999,2BV,053,AH36,1061,1,NCB,0,P170,8,H413P,1,R
99999,3BV,053,AH36,1062,1,NCB,0,P170,8,H413P,4,R
99999,C,052,AH36,1063,1,NCB,0,P170,8,H413P,593,R
99999,1E,522,AH36,1064,1,SES,0,P170,6,H413P,6,R
99999,1E,521,AH36,1065,1,SES,0,P170,6,H413P,6,R
99999,2E,521,AH36,1066,1,SES,0,P170,6,H413P,6,R
99999,2E,521,AH36,1067,1,SES,0,P170,6,H413P,6,R
99999,1FX,053,AH36,1068,1,NFF,0,P170,8,H413P,2,R
99999,2FX,053,AH36,1069,1,NFF,0,P170,8,H413P,2,R
99999,2FX,053,AH36,1070,1,NFF,0,P170,8,H413P,2,R
99999,1L,561,AH36,1071,1,SES,0,P170,7,H413P,10,R
99999,1L,561,AH36,1072,1,SES,0,P170,7,H413P,10,R
99999,2L,561,AH36,1073,1,SES,0,P170,7,H413P,30,R
99999,3L,561,AH36,1074,1,SES,0,P170,7,H413P,41,R
99999,4L,561,AH36,1075,1,SES,0,P170,7,H413P,11,R
99999,4L,561,AH36,1076,1,SES,0,P170,7,H413P,11,R
99999,4L,561,AH36,1077,1,SES,0,P170,7,H413P,11,R
99999,1X,391,AH36,1078,1,NFF,0,P170,10,H413P,12,R
99999,2X,391,AH36,1079,1,NFF,0,P170,10,H413P,2,R
99999,3X,391,AH36,1080,1,NFF,0,P170,10,H413P,16,R
99999,4X,391,AH36,1081,1,NFF,0,P170,10,H413P,34,R
99999,5X,391,AH36,1082,1,NFF,0,P170,10,H413P,35,R
99999,6X,053,AH36,1083,1,NFF,0,P170,8,H413P,3,R
99999,7X,053,AH36,1084,1,NFF,0,P170,8,H413P,1,R
99999,8X,053,AH36,1085,1,NFF,0,P170,8,H413P,2,R
99999,9X,051,AH36,1086,1,NFF,0,P170,6,H413P,5,R
99999,10X,001,AH36,1087,1,NFF,0,P170,6,H413P,2,R
99999,11X,051,AH36,1088,1,NFF,0,P170,6,H413P,2,R
99999,11X,051,AH36,1089,1,NFF,0,P170,6,H413P,2,R
SF62,1B,054,AH36,1090,1,NCB,0,P170,8,H413P,1,S
SF62,1B,054,AH36,1091,1,NCB,0,P170,8,H413P,1,S
SF62,1B,054,AH36,1092,1,NCB,0,P170,8,H413P,1,S
SF62,1F,054,AH36,1093,1,NFF,0,P170,8,H413P,14,S
SF62,K,001,AH36,1094,1,NCB,0,P170,6,H413P,24,S
SF66,1B,054,AH36,1095,1,NCB,0,P170,8,H413P,1,S
SF66,1B,054,AH36,1096,1,NCB,0,P170,8,H413P,1,S
SF66,2B,054,AH36,1097,1,NCB,0,P170,8,H413P,1,S
SF66,1CR,001,AH36,1098,1,NCB,0,P170,6,H413P,1,R
SF66,1F,054,AH36,1099,1,NFF,0,P170,8,H413P,14,S
SF66,K,001,AH36,1100,1,NCB,0,P170,6,H413P,23,S
SF70,1CR,001,AH36,1101,1,NCB,0,P170,6,H413P,1,R
SF70,1F,054,AH36,1102,1,NFF,0,P170,8,H413P,5,S
SF70,K,001,AH36,1103,1,NCB,0,P170,6,H413P,10,S
T59,1DP,001,AH36,1104,1,NCB,0,P170,6,H413P,1,S
T59,K,001,AH36,1105,1,NCB,0,P170,6,H413P,79,S
T59,1S,521,AH36,1106,1,SES,0,P170,6,H413P,16,S
T59,1X,052,AH36,1107,1,NFF,0,P170,8,H413P,1,S
99999,A,051,AH36,1108,0,NCB,1,P170,6,H413S,386,R
99999,B,053,AH36,1109,0,NCB,1,P170,8,H413S,379,R
99999,1B,053,AH36,1110,0,NCB,1,P170,8,H413S,4,R
99999,1B,053,AH36,1111,0,NCB,1,P170,8,H413S,4,R
99999,1B,053,AH36,1112,0,NCB,1,P170,8,H413S,4,R
99999,1B,052,AH36,1113,0,NCB,1,P170,8,H413S,4,R
99999,1B,053,AH36,1114,0,NCB,1,P170,8,H413S,4,R
99999,2B,053,AH36,1115,0,NCB,1,P170,8,H413S,4,R
99999,3B,053,AH36,1116,0,NCB,1,P170,8,H413S,2,R
99999,4B,053,AH36,1117,0,NCB,1,P170,8,H413S,2,R
99999,5B,053,AH36,1118,0,NCB,1,P170,8,H413S,3,R
99999,6B,053,AH36,1119,0,NCB,1,P170,8,H413S,3,R
99999,7B,052,AH36,1120,0,NCB,1,P170,8,H413S,3,R
99999,8B,052,AH36,1121,0,NCB,1,P170,8,H413S,3,R
99999,9B,052,AH36,1122,0,NCB,1,P170,8,H413S,4,R
99999,10B,055,AH36,1123,0,NCB,1,P170,11,H413S,4,R
99999,11B,055,AH36,1124,0,NCB,1,P170,11,H413S,4,R
99999,12B,053,AH36,1125,0,NCB,1,P170,8,H413S,7,R
99999,12B,053,AH36,1126,0,NCB,1,P170,8,H413S,7,R
99999,12B,053,AH36,1127,0,NCB,1,P170,8,H413S,7,R
99999,12B,053,AH36,1128,0,NCB,1,P170,8,H413S,7,R
99999,12B,053,AH36,1129,0,NCB,1,P170,8,H413S,7,R
99999,12B,053,AH36,1130,0,NCB,1,P170,8,H413S,7,R
99999,13B,052,AH36,1131,0,NCB,1,P170,8,H413S,3,R
99999,14B,053,AH36,1132,0,NCB,1,P170,8,H413S,8,R
99999,15B,052,AH36,1133,0,NCB,1,P170,8,H413S,2,R
99999,1BV,053,AH36,1134,0,NCB,1,P170,8,H413S,2,R
99999,2BV,053,AH36,1135,0,NCB,1,P170,8,H413S,1,R
99999,3BV,053,AH36,1136,0,NCB,1,P170,8,H413S,4,R
99999,C,052,AH36,1137,0,NCB,1,P170,8,H413S,593,R
99999,1E,522,AH36,1138,0,SES,1,P170,6,H413S,6,R
99999,1E,521,AH36,1139,0,SES,1,P170,6,H413S,6,R
99999,2E,522,AH36,1140,0,SES,1,P170,6,H413S,6,R
99999,2E,521,AH36,1141,0,SES,1,P170,6,H413S,6,R
99999,1FX,053,AH36,1142,0,NFF,1,P170,8,H413S,2,R
99999,2FX,053,AH36,1143,0,NFF,1,P170,8,H413S,2,R
99999,2FX,053,AH36,1144,0,NFF,1,P170,8,H413S,2,R
99999,1L,561,AH36,1145,0,SES,1,P170,7,H413S,10,R
99999,1L,561,AH36,1146,0,SES,1,P170,7,H413S,10,R
99999,2L,561,AH36,1147,0,SES,1,P170,7,H413S,30,R
99999,3L,561,AH36,1148,0,SES,1,P170,7,H413S,41,R
99999,4L,561,AH36,1149,0,SES,1,P170,7,H413S,11,R
99999,4L,561,AH36,1150,0,SES,1,P170,7,H413S,11,R
99999,4L,561,AH36,1151,0,SES,1,P170,7,H413S,11,R
99999,1X,056,AH36,1152,0,NFF,1,P170,10,H413S,12,R
99999,2X,391,AH36,1153,0,NFF,1,P170,10,H413S,2,R
99999,3X,391,AH36,1154,0,NFF,1,P170,10,H413S,16,R
99999,4X,391,AH36,1155,0,NFF,1,P170,10,H413S,34,R
99999,5X,391,AH36,1156,0,NFF,1,P170,10,H413S,35,R
99999,6X,053,AH36,1157,0,NFF,1,P170,8,H413S,3,R
99999,7X,053,AH36,1158,0,NFF,1,P170,8,H413S,1,R
99999,8X,053,AH36,1159,0,NFF,1,P170,8,H413S,2,R
99999,9X,051,AH36,1160,0,NFF,1,P170,6,H413S,5,R
99999,10X,001,AH36,1161,0,NFF,1,P170,6,H413S,2,R
99999,11X,051,AH36,1162,0,NFF,1,P170,6,H413S,2,R
99999,11X,051,AH36,1163,0,NFF,1,P170,6,H413S,2,R
SF62,1B,054,AH36,1164,0,NCB,1,P170,8,H413S,1,S
SF62,1B,054,AH36,1165,0,NCB,1,P170,8,H413S,1,S
SF62,1B,054,AH36,1166,0,NCB,1,P170,8,H413S,1,S
SF62,1F,054,AH36,1167,0,NFF,1,P170,8,H413S,14,S
SF62,K,001,AH36,1168,0,NCB,1,P170,6,H413S,24,S
SF66,1B,054,AH36,1169,0,NCB,1,P170,8,H413S,1,S
SF66,1B,054,AH36,1170,0,NCB,1,P170,8,H413S,1,S
SF66,2B,054,AH36,1171,0,NCB,1,P170,8,H413S,1,S
SF66,1CR,001,AH36,1172,0,NCB,1,P170,6,H413S,1,R
SF66,1F,054,AH36,1173,0,NFF,1,P170,8,H413S,14,S
SF66,K,001,AH36,1174,0,NCB,1,P170,6,H413S,23,S
SF70,1CR,001,AH36,1175,0,NCB,1,P170,6,H413S,1,R
SF70,1F,054,AH36,1176,0,NFF,1,P170,8,H413S,5,S
SF70,K,001,AH36,1177,0,NCB,1,P170,6,H413S,10,S
T59,1DP,001,AH36,1178,0,NCB,1,P170,6,H413S,1,S
T59,K,001,AH36,1179,0,NCB,1,P170,6,H413S,79,S
T59,1S,521,AH36,1180,0,SES,1,P170,6,H413S,16,S
T59,1X,052,AH36,1181,0,NFF,1,P170,8,H413S,1,S
